nombre_programa,codigo_pto,departamento,fecha_muestra,fecha_hora,id_muestra,clorofila_a_mg_l,alc_t_mg_ca_co3_l,conduc_m_s_cm,pt_mg_p_l,sst_mg_l,p_h_sin_unid,t_º_c
Rio Uruguay,RU2,RÍO NEGRO,2018-01-09,2018-01-09 08:45:00,3287082,NA,29,74.6,82,NA,7.15,NA
Rio Uruguay,RU13,RÍO NEGRO,2018-03-07,2018-03-07 09:50:00,3288295,NA,27,90.2,90,NA,7.7,26.1
Rio Uruguay,RU11,RÍO NEGRO,2016-03-09,2016-03-09 00:00:00,3277893,1.2,31,67.6,130,2,7.44,NA
Rio Uruguay,RU11,RÍO NEGRO,2014-10-22,2014-10-22 00:00:00,3277994,0.6,32,51.2,67,6,7.28,19.9
Rio Uruguay,RU12,RÍO NEGRO,2014-12-17,2014-12-17 00:00:00,3278012,1.2,35,74.4,60,3,7.58,25.5
Rio Uruguay,RU9,RÍO NEGRO,2015-02-24,2015-02-24 00:00:00,3278026,15,44,78.4,47,9,7.36,25
Rio Uruguay,RU3,RÍO NEGRO,2018-01-09,2018-01-09 09:00:00,3287083,4.6,29,75.7,120,NA,7.7,NA
Rio Uruguay,RU6,RÍO NEGRO,2018-01-09,2018-01-09 10:10:00,3287087,7.3,29,75.8,64,NA,7.92,NA
Rio Uruguay,RU7,RÍO NEGRO,2018-01-09,2018-01-09 10:50:00,3287088,8.5,29,80.1,60,5,7.9,NA
Rio Uruguay,RU8,RÍO NEGRO,2018-01-09,2018-01-09 11:10:00,3287090,8.8,30,84.4,58,NA,7.91,NA
Rio Uruguay,RU10,RÍO NEGRO,2014-10-22,2014-10-22 00:00:00,3277993,1.2,46,62.7,87,5,7.43,19.4
Rio Uruguay,RU12,RÍO NEGRO,2014-10-22,2014-10-22 00:00:00,3277995,0.4,30,51.1,70,6,7.25,20.4
Rio Uruguay,RU16,RÍO NEGRO,2014-10-22,2014-10-22 00:00:00,3277999,0.7,38,56.2,20,5,8,21.1
Rio Uruguay,RU2,RÍO NEGRO,2016-01-26,2016-01-26 00:00:00,3277867,1.2,24,60.4,190,1,6.84,28.9
Rio Uruguay,RU3,RÍO NEGRO,2016-07-05,2016-07-05 00:00:00,3277919,0.6,30,49.1,74,9,6.26,12.9
Rio Uruguay,RU4,RÍO NEGRO,2016-07-05,2016-07-05 00:00:00,3277920,1.6,29,49.9,67,5,7.72,13
Rio Uruguay,RU1,RÍO NEGRO,2014-07-22,2014-07-22 00:00:00,3277967,0.1,30,42.3,71,10,6.84,17
Rio Uruguay,RU1,RÍO NEGRO,2017-07-25,2017-07-25 10:21:00,3287040,NA,26,52.7,83,NA,7.36,14.9
Rio Uruguay,RU15,RÍO NEGRO,2017-07-26,2017-07-26 12:51:00,3287059,NA,28,53.7,86,NA,7.39,15.1
Rio Uruguay,RU16,RÍO NEGRO,2017-07-26,2017-07-26 13:05:00,3287060,NA,36,72.2,85,NA,6.95,16.3
Rio Uruguay,RU11,RÍO NEGRO,2015-06-24,2015-06-24 00:00:00,3278062,0.1,33,61.5,66,3,6.87,13.8
Rio Uruguay,RU11,RÍO NEGRO,2017-03-08,2017-03-08 10:15:00,3287031,0.6,25,65.8,68,6,7.25,26.5
Rio Uruguay,RU12,RÍO NEGRO,2017-03-08,2017-03-08 10:41:00,3287032,0.1,25,69.3,69,5,7.2,26.6
Rio Uruguay,RU15,RÍO NEGRO,2018-01-10,2018-01-10 10:45:00,3287098,11,29,78.7,72,6,7.96,NA
Rio Uruguay,RU4,RÍO NEGRO,2018-03-06,2018-03-06 10:05:00,3288283,2.3,23,79.9,80,NA,7.65,26
Rio Uruguay,RU11,RÍO NEGRO,2018-03-07,2018-03-07 08:50:00,3288292,4.6,27,85,140,NA,7.68,25.9
Rio Uruguay,RU5,RÍO NEGRO,2016-09-07,2016-09-07 00:00:00,3277937,0.7,29,61.1,NA,11,7.72,13.5
Rio Uruguay,RU5,RÍO NEGRO,2014-07-22,2014-07-22 00:00:00,3277971,0.1,28,55.4,67,11,6.99,17.1
Rio Uruguay,RU14,RÍO NEGRO,2015-06-24,2015-06-24 00:00:00,3278065,NA,32,60.7,68,1,7.34,13.5
Rio Uruguay,RU1,RÍO NEGRO,2017-01-17,2017-01-17 10:07:00,3286994,0.9,23,62,74,11,6.85,27.4
Rio Uruguay,RU10,RÍO NEGRO,2017-01-18,2017-01-18 09:33:00,3287003,1.5,24,67.5,79,7,6.83,27.4
Rio Uruguay,RU4,RÍO NEGRO,2017-07-25,2017-07-25 13:05:00,3287045,NA,28,54.5,92,10,7.35,14.7
Rio Uruguay,RU14,RÍO NEGRO,2017-11-08,2017-11-08 10:45:00,3287076,NA,27,71.9,85,NA,7.07,22.7
Rio Uruguay,RU1,RÍO NEGRO,2016-03-08,2016-03-08 00:00:00,3277883,0.9,31,58,140,2,7.94,26.5
Rio Uruguay,RU5,RÍO NEGRO,2016-03-08,2016-03-08 00:00:00,3277887,1.8,32,55.5,120,2,7.98,26.6
Rio Uruguay,RU2,RÍO NEGRO,2015-10-20,2015-10-20 00:00:00,3277850,1,25,52.2,63,9,7.03,20.8
Rio Uruguay,RU5,RÍO NEGRO,2016-07-05,2016-07-05 00:00:00,3277921,0.3,29,49.4,73,11,6.65,12.9
Rio Uruguay,RU7,RÍO NEGRO,2017-01-17,2017-01-17 12:53:00,3287000,0.6,24,64.1,73,9,7.3,27.4
Rio Uruguay,RU15,RÍO NEGRO,2016-07-06,2016-07-06 00:00:00,3277931,0.3,28,50.1,71,15,7.32,13.6
Rio Uruguay,RU16,RÍO NEGRO,2018-05-09,2018-05-09 11:45:00,3288432,NA,36,99.6,130,6,7.39,20.8
Rio Uruguay,RU13,RÍO NEGRO,2014-12-17,2014-12-17 00:00:00,3278013,0.3,36,80.1,79,5,7.74,27.5
Rio Uruguay,RU6,RÍO NEGRO,2015-02-24,2015-02-24 00:00:00,3278023,0.6,27,71,32,2,7.03,26.6
Rio Uruguay,RU5,RÍO NEGRO,2015-04-20,2015-04-20 00:00:00,3278039,6.4,27,57.6,81,2,7.52,19
Rio Uruguay,RU7,RÍO NEGRO,2016-07-05,2016-07-05 00:00:00,3277923,0.1,29,49.2,70,10,6.35,13
Rio Uruguay,RU4,RÍO NEGRO,2014-07-22,2014-07-22 00:00:00,3277970,0.3,26,55.7,73,9,6.88,16.9
Rio Uruguay,RU14,RÍO NEGRO,2016-07-06,2016-07-06 00:00:00,3277930,0.3,37,56.2,81,8,7.67,14.5
Rio Uruguay,RU16,RÍO NEGRO,2016-07-06,2016-07-06 00:00:00,3277932,3.1,40,59.7,77,15,8.81,15.2
Rio Uruguay,RU10,RÍO NEGRO,2016-05-04,2016-05-04 00:00:00,3277909,0.1,26,118.3,69,4,7.5,13.8
Rio Uruguay,RU1,RÍO NEGRO,2016-09-07,2016-09-07 00:00:00,3277933,0.9,30,61.6,NA,5,7.49,13.7
Rio Uruguay,RU6,RÍO NEGRO,2015-08-18,2015-08-18 00:00:00,3278074,0.4,28,61.7,150,8,6.95,16.9
Rio Uruguay,RU8,RÍO NEGRO,2017-01-17,2017-01-17 13:04:00,3287001,0.7,25,65.7,63,9,7.22,27.4
Rio Uruguay,RU16,RÍO NEGRO,2017-11-08,2017-11-08 10:45:00,3287078,NA,26,73.1,71,NA,7.12,23.6
Rio Uruguay,RU3,RÍO NEGRO,2014-10-21,2014-10-21 00:00:00,3277986,0.3,33,53.8,110,6,7.19,21
Rio Uruguay,RU4,RÍO NEGRO,2014-12-16,2014-12-16 00:00:00,3278004,2.2,34,65.9,58,9,7.42,24.4
Rio Uruguay,RU10,RÍO NEGRO,2015-04-21,2015-04-21 00:00:00,3278044,5.3,28,63.2,73,2,7.1,18.8
Rio Uruguay,RU2,RÍO NEGRO,2017-07-25,2017-07-25 11:40:00,3287042,NA,27,53,87,NA,7.29,14.7
Rio Uruguay,RU1,RÍO NEGRO,2016-07-05,2016-07-05 00:00:00,3277917,0.9,29,48.9,79,16,6.4,12.9
Rio Uruguay,RU3,RÍO NEGRO,2015-08-18,2015-08-18 00:00:00,3278071,NA,30,63,210,11,6.48,16.5
Rio Uruguay,RU4,RÍO NEGRO,2015-08-18,2015-08-18 00:00:00,3278072,0.7,26,55.7,120,9,6.88,16.9
Rio Uruguay,RU9,RÍO NEGRO,2018-05-09,2018-05-09 08:55:00,3288423,NA,49,124,180,10,7.55,20.2
Rio Uruguay,RU9,RÍO NEGRO,2016-05-04,2016-05-04 00:00:00,3277908,1.2,30,63.5,82,3,7.22,13.4
Rio Uruguay,RU12,RÍO NEGRO,2016-05-04,2016-05-04 00:00:00,3277911,0.4,25,56.1,69,10,7.33,14.1
Rio Uruguay,RU7,RÍO NEGRO,2015-02-24,2015-02-24 00:00:00,3278024,2.1,27,70,51,2,6.52,26.2
Rio Uruguay,RU1,RÍO NEGRO,2018-03-06,2018-03-06 08:22:00,3288278,NA,23,81,100,NA,7.49,26.7
Rio Uruguay,RU6,RÍO NEGRO,2018-03-06,2018-03-06 10:56:00,3288286,NA,23,85.1,85,NA,7.61,26.4
Rio Uruguay,RU9,RÍO NEGRO,2016-07-06,2016-07-06 00:00:00,3277925,0.1,38,54.2,81,4,7.67,12.8
Rio Uruguay,RU10,RÍO NEGRO,2015-08-19,2015-08-19 00:00:00,3278078,0.3,31,64.5,160,6,6.55,16.2
Rio Uruguay,RU13,RÍO NEGRO,2015-08-19,2015-08-19 00:00:00,3278081,0.1,30,62.8,180,7,7.02,16.8
Rio Uruguay,RU2,RÍO NEGRO,2018-03-06,2018-03-06 08:49:00,3288280,NA,23,80.9,83,NA,7.59,26.5
Rio Uruguay,RU2,RÍO NEGRO,2016-07-05,2016-07-05 00:00:00,3277918,NA,40,49.3,130,5,6.68,12.7
Rio Uruguay,RU14,RÍO NEGRO,2017-03-08,2017-03-08 13:20:00,3287035,1.5,25,68.3,67,NA,7.38,26.4
Rio Uruguay,RU11,RÍO NEGRO,2016-11-08,2016-11-08 00:00:00,3277960,0.4,30,69.2,77,6,7.49,22.7
Rio Uruguay,RU10,RÍO NEGRO,2015-02-24,2015-02-24 00:00:00,3278027,3.8,38,66.4,59,10,7.08,25.5
Rio Uruguay,RU8,RÍO NEGRO,2016-07-05,2016-07-05 00:00:00,3277924,0.4,35,50.5,76,5,5.88,13.3
Rio Uruguay,RU8,RÍO NEGRO,2015-08-18,2015-08-18 00:00:00,3278076,0.3,28,61.8,140,7,7.2,17
Rio Uruguay,RU2,RÍO NEGRO,2017-01-17,2017-01-17 10:34:00,3286995,1.8,17,68.9,88,7,7.3,26.8
Rio Uruguay,RU10,RÍO NEGRO,2017-03-08,2017-03-08 09:59:00,3287030,8.4,33,81.4,NA,37,7.26,25.7
Rio Uruguay,RU10,RÍO NEGRO,2017-07-26,2017-07-26 10:26:00,3287053,NA,31,60.2,93,NA,7.34,14.9
Rio Uruguay,RU2,RÍO NEGRO,2015-02-24,2015-02-24 00:00:00,3278019,0.9,28,66.8,170,1,6.92,25.8
Rio Uruguay,RU12,RÍO NEGRO,2015-02-24,2015-02-24 00:00:00,3278029,NA,30,58.3,47,NA,6.97,25.8
Rio Uruguay,RU5,RÍO NEGRO,2018-01-09,2018-01-09 09:45:00,3287085,6.5,29,75.6,77,5,7.92,NA
Rio Uruguay,RU9,RÍO NEGRO,2018-01-10,2018-01-10 08:20:00,3287091,14,31,79.4,61,12,8.48,NA
Rio Uruguay,RU15,RÍO NEGRO,2015-08-19,2015-08-19 00:00:00,3277846,0.4,26,58.5,170,22,6.96,16.1
Rio Uruguay,RU8,RÍO NEGRO,2016-05-03,2016-05-03 00:00:00,3277907,0.1,27,63.7,77,6,7.41,14.3
Rio Uruguay,RU6,RÍO NEGRO,2016-11-08,2016-11-08 00:00:00,3277955,0.6,31,69.5,68,6,7.6,22.6
Rio Uruguay,RU4,RÍO NEGRO,2015-04-20,2015-04-20 00:00:00,3278038,20.3,27,55.8,66,10,7.67,18.6
Rio Uruguay,RU8,RÍO NEGRO,2014-07-22,2014-07-22 00:00:00,3277974,0.1,32,61.8,79,7,7.2,17
Rio Uruguay,RU1,RÍO NEGRO,2018-05-08,2018-05-08 09:30:00,3288411,NA,30,81.6,130,14,6.57,21.5
Rio Uruguay,RU13,RÍO NEGRO,2018-01-10,2018-01-10 09:35:00,3287096,7.9,30,82.3,75,5,7.14,NA
Rio Uruguay,RU12,RÍO NEGRO,2016-11-09,2016-11-09 00:00:00,3277961,0.6,31,67.2,80,8,7.46,22.6
Rio Uruguay,RU7,RÍO NEGRO,2015-06-23,2015-06-23 00:00:00,3278058,0.6,27,60.5,65,3,7.68,14.6
Rio Uruguay,RU16,RÍO NEGRO,2016-03-09,2016-03-09 00:00:00,3277898,1.6,32,73.4,130,2,NA,7.56
Rio Uruguay,RU6,RÍO NEGRO,2017-01-17,2017-01-17 12:12:00,3286999,1,25,65.7,78,8,7.2,27.5
Rio Uruguay,RU7,RÍO NEGRO,2016-05-03,2016-05-03 00:00:00,3277906,0.4,26,55.6,75,9,7.56,14.1
Rio Uruguay,RU11,RÍO NEGRO,2014-07-23,2014-07-23 00:00:00,3277977,0.6,30,60.5,82,10,6.64,16.5
Rio Uruguay,RU1,RÍO NEGRO,2014-10-21,2014-10-21 00:00:00,3277984,0.1,26,49.6,96,8,7.22,20.8
Rio Uruguay,RU13,RÍO NEGRO,2014-10-22,2014-10-22 00:00:00,3277996,0.8,34,59.3,73,8,7.25,22.1
Rio Uruguay,RU11,RÍO NEGRO,2016-05-04,2016-05-04 00:00:00,3277910,0.1,26,56.7,74,5,7.72,14
Rio Uruguay,RU6,RÍO NEGRO,2014-10-21,2014-10-21 00:00:00,3277989,NA,34,56.3,94,5,7.28,22.7
Rio Uruguay,RU9,RÍO NEGRO,2014-10-22,2014-10-22 00:00:00,3277992,1,39,80.6,87,5,7.53,19.2
Rio Uruguay,RU1,RÍO NEGRO,2014-12-16,2014-12-16 00:00:00,3278001,0.6,33,69.6,66,4,7.42,25.4
Rio Uruguay,RU12,RÍO NEGRO,2017-07-26,2017-07-26 10:51:00,3287055,NA,29,57.3,87,NA,7.6,15.1
Rio Uruguay,RU12,RÍO NEGRO,2018-03-07,2018-03-07 09:05:00,3288293,2.3,26,83.6,130,NA,7.67,26
Rio Uruguay,RU14,RÍO NEGRO,2014-12-17,2014-12-17 00:00:00,3278014,0.6,37,76.8,70,5,7.54,257
Rio Uruguay,RU13,RÍO NEGRO,2016-07-06,2016-07-06 00:00:00,3277929,NA,33,81.9,81,6,7.81,14.2
Rio Uruguay,RU13,RÍO NEGRO,2018-05-09,2018-05-09 10:08:00,3288428,2.4,31,86.6,130,7,7.19,21.4
Rio Uruguay,RU10,RÍO NEGRO,2015-10-21,2015-10-21 00:00:00,3277858,0.4,20,62.7,65,11,7.43,19.4
Rio Uruguay,RU11,RÍO NEGRO,2017-11-08,2017-11-08 09:00:00,3287073,NA,28,71.4,74,NA,7.03,22.1
Rio Uruguay,RU10,RÍO NEGRO,2014-07-23,2014-07-23 00:00:00,3277976,0.1,38,64.5,140,16,6.55,16.2
Rio Uruguay,RU13,RÍO NEGRO,2017-07-26,2017-07-26 11:58:00,3287057,NA,33,58.6,83,NA,7.45,15.2
Rio Uruguay,RU5,RÍO NEGRO,2016-05-03,2016-05-03 00:00:00,3277904,3,24,56,73,9,7.43,14.3
Rio Uruguay,RU3,RÍO NEGRO,2016-11-08,2016-11-08 00:00:00,3277952,0.3,30,69.1,76,6,7.35,22.4
Rio Uruguay,RU12,RÍO NEGRO,2017-11-08,2017-11-08 09:20:00,3287074,NA,25,69.3,67,NA,7.18,22.2
Rio Uruguay,RU16,RÍO NEGRO,2016-05-04,2016-05-04 00:00:00,3277915,0.1,29,63.8,76,4,8.5,14.3
Rio Uruguay,RU14,RÍO NEGRO,2018-03-07,2018-03-07 11:45:00,3288296,NA,22,80.6,150,NA,7.74,26.3
Rio Uruguay,RU15,RÍO NEGRO,2014-07-23,2014-07-23 00:00:00,3277981,0.1,24,58.5,79,10,6.96,16.1
Rio Uruguay,RU15,RÍO NEGRO,2017-03-08,2017-03-08 12:50:00,3287036,3,25,66.2,67,6,7.22,26.8
Rio Uruguay,RU10,RÍO NEGRO,2017-11-08,2017-11-08 08:50:00,3287072,NA,28,72.7,74,NA,7.18,22.1
Rio Uruguay,RU5,RÍO NEGRO,2015-08-18,2015-08-18 00:00:00,3278073,0.1,26,55.4,150,23,6.99,17.1
Rio Uruguay,RU8,RÍO NEGRO,2014-10-21,2014-10-21 00:00:00,3277991,NA,31,56.2,110,5,7.39,23
Rio Uruguay,RU14,RÍO NEGRO,2016-03-09,2016-03-09 00:00:00,3277896,1.6,31,69.9,130,1,7.56,25.8
Rio Uruguay,RU16,RÍO NEGRO,2015-02-25,2015-02-25 00:00:00,3278033,9.5,33,70.7,54,6,7.37,25.6
Rio Uruguay,RU9,RÍO NEGRO,2015-10-21,2015-10-21 00:00:00,3277857,0.4,23,80.6,60,7,7.53,19.2
Rio Uruguay,RU10,RÍO NEGRO,2016-11-08,2016-11-08 00:00:00,3277959,5.2,31,73.7,76,6,7.43,24.6
Rio Uruguay,RU9,RÍO NEGRO,2017-03-08,2017-03-08 09:45:00,3287029,3,30,76.4,74,10,7.31,25.8
Rio Uruguay,RU11,RÍO NEGRO,2015-10-21,2015-10-21 00:00:00,3277859,0.3,22,51.2,63,16,7.28,19.9
Rio Uruguay,RU15,RÍO NEGRO,2016-05-04,2016-05-04 00:00:00,3277914,NA,23,59,71,10,7.21,14.4
Rio Uruguay,RU2,RÍO NEGRO,2016-09-07,2016-09-07 00:00:00,3277934,0.3,31,62.7,NA,7,7.68,12.9
Rio Uruguay,RU4,RÍO NEGRO,2014-10-21,2014-10-21 00:00:00,3277987,1.3,24,58.5,80,8,7.68,23.9
Rio Uruguay,RU11,RÍO NEGRO,2016-07-06,2016-07-06 00:00:00,3277927,0.9,48,51.3,79,7,7.34,13.3
Rio Uruguay,RU11,RÍO NEGRO,2018-01-10,2018-01-10 08:50:00,3287093,7.2,29,77.6,63,5,7.08,NA
Rio Uruguay,RU3,RÍO NEGRO,2016-05-03,2016-05-03 00:00:00,3277902,0.1,25,53.1,71,9,7.45,14.1
Rio Uruguay,RU2,RÍO NEGRO,2015-06-23,2015-06-23 00:00:00,3278053,0.5,28,60.3,64,1,6.85,13.8
Rio Uruguay,RU15,RÍO NEGRO,2018-05-09,2018-05-09 11:08:00,3288430,2.3,27,76.3,130,26,6.88,21.5
Rio Uruguay,RU9,RÍO NEGRO,2017-01-18,2017-01-18 09:22:00,3287002,2.5,30,76.6,110,11,6.76,27.1
Rio Uruguay,RU6,RÍO NEGRO,2015-10-20,2015-10-20 00:00:00,3277854,0.1,20,56.3,59,9,7.28,22.7
Rio Uruguay,RU8,RÍO NEGRO,2016-11-08,2016-11-08 00:00:00,3277957,0.3,30,70.1,71,5,7.69,23.2
Rio Uruguay,RU15,RÍO NEGRO,2016-11-09,2016-11-09 00:00:00,3277964,0.7,24,59.4,83,11,7.59,22.8
Rio Uruguay,RU3,RÍO NEGRO,2015-04-20,2015-04-20 00:00:00,3278037,2.2,27,57.7,68,2,6.58,19.3
Rio Uruguay,RU10,RÍO NEGRO,2015-06-24,2015-06-24 00:00:00,3278061,0.6,32,59.5,67,2,7.36,12.8
Rio Uruguay,RU13,RÍO NEGRO,2017-03-08,2017-03-08 11:06:00,3287034,3,25,69.1,68,5,7.43,26.6
Rio Uruguay,RU5,RÍO NEGRO,2016-11-08,2016-11-08 00:00:00,3277954,0.3,28,63.2,75,6,7.47,22.1
Rio Uruguay,RU7,RÍO NEGRO,2014-10-21,2014-10-21 00:00:00,3277990,0.4,28,54.5,100,6,7.35,22
Rio Uruguay,RU4,RÍO NEGRO,2016-05-03,2016-05-03 00:00:00,3277903,1.3,23,49.8,65,4,7.63,12.5
Rio Uruguay,RU6,RÍO NEGRO,2016-05-03,2016-05-03 00:00:00,3277905,NA,24,53.4,73,5,7.66,13.5
Rio Uruguay,RU13,RÍO NEGRO,2015-10-21,2015-10-21 00:00:00,3277861,0.6,22,59.3,64,9,7.25,22.1
Rio Uruguay,RU6,RÍO NEGRO,2016-07-05,2016-07-05 00:00:00,3277922,0.1,34,54.2,84,6,7.07,14.5
Rio Uruguay,RU1,RÍO NEGRO,2016-05-03,2016-05-03 00:00:00,3277900,0.1,28,51.9,74,12,7.64,13.8
Rio Uruguay,RU5,RÍO NEGRO,2014-10-21,2014-10-21 00:00:00,3277988,0.1,27,55.4,87,7,7.22,23
Rio Uruguay,RU15,RÍO NEGRO,2014-10-22,2014-10-22 00:00:00,3277998,0.6,24,51.9,65,11,7.35,20.8
Rio Uruguay,RU12,RÍO NEGRO,2016-07-06,2016-07-06 00:00:00,3277928,0.3,31,54.5,78,9,7.42,13.2
Rio Uruguay,RU9,RÍO NEGRO,2018-03-07,2018-03-07 08:10:00,3288290,2.2,22,78.1,120,6,7.78,23.8
Rio Uruguay,RU13,RÍO NEGRO,2015-02-25,2015-02-25 00:00:00,3278030,0.6,29,67.6,46,3,7.03,25.1
Rio Uruguay,RU9,RÍO NEGRO,2015-06-24,2015-06-24 00:00:00,3278060,0.4,33,59.6,68,3,6.65,12.2
Rio Uruguay,RU2,RÍO NEGRO,2017-11-07,2017-11-07 09:30:00,3287064,NA,29,71.9,77,NA,6.94,22.4
Rio Uruguay,RU7,RÍO NEGRO,2016-11-08,2016-11-08 00:00:00,3277956,0.6,32,69.2,56,5,7.39,22.4
Rio Uruguay,RU15,RÍO NEGRO,2017-11-08,2017-11-08 10:35:00,3287077,NA,20,58.7,69,6,7.11,22.6
Rio Uruguay,RU13,RÍO NEGRO,2016-01-27,2016-01-27 00:00:00,3277878,1.8,24,63.7,230,3,7.31,28.6
Rio Uruguay,RU1,RÍO NEGRO,2015-08-18,2015-08-18 00:00:00,3278069,0.3,26,42.3,170,27,6.84,17
Rio Uruguay,RU4,RÍO NEGRO,2016-09-07,2016-09-07 00:00:00,3277936,0.7,29,60.9,NA,4,7.82,13.3
Rio Uruguay,RU1,RÍO NEGRO,2016-11-08,2016-11-08 00:00:00,3277950,0.7,26,62.8,87,8,7.55,22
Rio Uruguay,RU14,RÍO NEGRO,2015-08-19,2015-08-19 00:00:00,3278082,0.3,31,64.2,190,9,6.79,16.3
Rio Uruguay,RU1,RÍO NEGRO,2015-06-23,2015-06-23 00:00:00,3278052,0.1,29,62,65,3,6.48,14.4
Rio Uruguay,RU12,RÍO NEGRO,2015-06-24,2015-06-24 00:00:00,3278063,0.1,34,62.9,66,4,6.88,14.1
Rio Uruguay,RU16,RÍO NEGRO,2017-01-18,2017-01-18 11:40:00,3287009,2.1,25,72.3,80,10,7.28,27.9
Rio Uruguay,RU7,RÍO NEGRO,2016-03-08,2016-03-08 00:00:00,3277889,2.8,31,55.2,130,1,6.98,25.9
Rio Uruguay,RU8,RÍO NEGRO,2016-03-08,2016-03-08 00:00:00,3277890,2.1,31,73.1,130,1,6.94,NA
Rio Uruguay,RU10,RÍO NEGRO,2016-03-09,2016-03-09 00:00:00,3277892,5.2,33,69,150,4,7.39,NA
Rio Uruguay,RU11,RÍO NEGRO,2014-12-17,2014-12-17 00:00:00,3278011,0.4,35,72.7,69,2,7.48,25.4
Rio Uruguay,RU11,RÍO NEGRO,2015-02-24,2015-02-24 00:00:00,3278028,0.3,29,65.6,52,3,7.05,25.7
Rio Uruguay,RU6,RÍO NEGRO,2016-03-08,2016-03-08 00:00:00,3277888,4,31,55.1,130,1,8.21,27.2
Rio Uruguay,RU3,RÍO NEGRO,2018-03-06,2018-03-06 09:31:00,3288281,NA,23,83.6,82,NA,7.59,26.6
Rio Uruguay,RU3,RÍO NEGRO,2015-10-20,2015-10-20 00:00:00,3277851,0.3,19,53.8,76,18,7.19,21
Rio Uruguay,RU4,RÍO NEGRO,2015-10-20,2015-10-20 00:00:00,3277852,0.7,19,58.5,51,5,7.68,23.9
Rio Uruguay,RU5,RÍO NEGRO,2015-02-24,2015-02-24 00:00:00,3278022,2.4,26,70.7,56,NA,6.96,26.4
Rio Uruguay,RU10,RÍO NEGRO,2018-03-07,2018-03-07 08:35:00,3288291,2.6,24,85.3,140,NA,7.76,25.3
Rio Uruguay,RU7,RÍO NEGRO,2018-03-06,2018-03-06 11:16:00,3288287,NA,22,82.1,91,NA,7.59,26.6
Rio Uruguay,RU9,RÍO NEGRO,2016-11-08,2016-11-08 00:00:00,3277958,0.7,29,72.5,85,4,7.29,24.4
Rio Uruguay,RU3,RÍO NEGRO,2017-07-25,2017-07-25 12:05:00,3287043,NA,28,54.6,85,NA,7.33,14.8
Rio Uruguay,RU8,RÍO NEGRO,2018-03-06,2018-03-06 12:00:00,3288289,2.4,23,82.9,170,NA,7.63,26.5
Rio Uruguay,RU8,RÍO NEGRO,2015-10-20,2015-10-20 00:00:00,3277856,0.6,20,56.2,67,16,7.39,23
Rio Uruguay,RU5,RÍO NEGRO,2015-06-23,2015-06-23 00:00:00,3278056,0.4,27,59.9,69,3,7.38,14.4
Rio Uruguay,RU16,RÍO NEGRO,2015-10-21,2015-10-21 00:00:00,3277864,0.4,22,56.2,60,4,8,21.1
Rio Uruguay,RU16,RÍO NEGRO,2016-01-27,2016-01-27 00:00:00,3277881,1.9,24,60.9,230,1,7.43,27.8
Rio Uruguay,RU14,RÍO NEGRO,2014-10-22,2014-10-22 00:00:00,3277997,0.3,34,56.3,81,8,7.2,21
Rio Uruguay,RU12,RÍO NEGRO,2015-10-21,2015-10-21 00:00:00,3277860,0.4,20,51.1,69,20,7.25,20.4
Rio Uruguay,RU2,RÍO NEGRO,2014-07-22,2014-07-22 00:00:00,3277968,0.1,33,63.5,76,6,7.02,16.1
Rio Uruguay,RU9,RÍO NEGRO,2014-12-17,2014-12-17 00:00:00,3278009,1.8,43,58.5,100,8,7.55,24.7
Rio Uruguay,RU14,RÍO NEGRO,2018-05-09,2018-05-09 11:37:00,3288429,NA,33,91.1,130,6,7.12,21
Rio Uruguay,RU6,RÍO NEGRO,2016-01-26,2016-01-26 00:00:00,3277871,3.1,24,60.8,230,2,7.31,29.7
Rio Uruguay,RU6,RÍO NEGRO,2017-11-07,2017-11-07 10:35:00,3287068,NA,27,70,81,NA,7.06,22.4
Rio Uruguay,RU11,RÍO NEGRO,2018-05-09,2018-05-09 09:20:00,3288425,NA,30,84.4,130,9,7.16,21.1
Rio Uruguay,RU4,RÍO NEGRO,2016-11-08,2016-11-08 00:00:00,3277953,1.9,23,61,77,15,7.58,23.2
Rio Uruguay,RU6,RÍO NEGRO,2015-06-23,2015-06-23 00:00:00,3278057,0.4,27,60.5,67,2,6.99,14.6
Rio Uruguay,RU5,RÍO NEGRO,2015-10-20,2015-10-20 00:00:00,3277853,0.3,19,55.4,68,28,7.22,23
Rio Uruguay,RU3,RÍO NEGRO,2016-01-26,2016-01-26 00:00:00,3277868,1.6,24,58.7,120,3,7.03,29.4
Rio Uruguay,RU3,RÍO NEGRO,2015-06-23,2015-06-23 00:00:00,3278054,NA,28,60.9,63,2,7.5,14.5
Rio Uruguay,RU14,RÍO NEGRO,2016-05-04,2016-05-04 00:00:00,3277913,0.1,26,60.8,82,5,7.6,13.8
Rio Uruguay,RU9,RÍO NEGRO,2014-07-23,2014-07-23 00:00:00,3277975,0.1,40,69.8,140,9,6.41,16.2
Rio Uruguay,RU12,RÍO NEGRO,2018-01-10,2018-01-10 09:10:00,3287094,8,29,78.8,66,NA,7.89,NA
Rio Uruguay,RU3,RÍO NEGRO,2015-02-24,2015-02-24 00:00:00,3278020,1.8,28,69.3,53,2,6.82,25.9
Rio Uruguay,RU6,RÍO NEGRO,2015-04-20,2015-04-20 00:00:00,3278040,5.2,26,59,68,3,7.55,19.7
Rio Uruguay,RU1,RÍO NEGRO,2018-01-09,2018-01-09 08:00:00,3287080,10,26,75.9,56,6,8.1,NA
Rio Uruguay,RU2,RÍO NEGRO,2016-03-08,2016-03-08 00:00:00,3277884,0.7,32,56.7,120,1,7.21,26.3
Rio Uruguay,RU11,RÍO NEGRO,2017-07-26,2017-07-26 10:39:00,3287054,NA,29,55.9,83,NA,7.33,15
Rio Uruguay,RU16,RÍO NEGRO,2018-01-10,2018-01-10 11:35:00,3287100,12,31,82.1,58,5,NA,NA
Rio Uruguay,RU7,RÍO NEGRO,2015-10-20,2015-10-20 00:00:00,3277855,0.4,19,54.5,75,23,7.35,22
Rio Uruguay,RU8,RÍO NEGRO,2016-09-07,2016-09-07 00:00:00,3277940,1,30,63.1,NA,9,7.87,13.2
Rio Uruguay,RU4,RÍO NEGRO,2016-01-26,2016-01-26 00:00:00,3277869,5.5,23,58,230,5,7.33,28.2
Rio Uruguay,RU1,RÍO NEGRO,2015-10-20,2015-10-20 00:00:00,3277849,0.1,19,49.6,68,25,7.22,20.8
Rio Uruguay,RU14,RÍO NEGRO,2017-07-26,2017-07-26 12:57:00,3287058,NA,33,63.1,86,NA,7.46,15.4
Rio Uruguay,RU9,RÍO NEGRO,2016-01-27,2016-01-27 00:00:00,3277874,6.1,24,60.3,230,6,7.22,26.9
Rio Uruguay,RU8,RÍO NEGRO,2017-11-07,2017-11-07 11:12:00,3287070,NA,26,69.5,73,NA,7.08,22.5
Rio Uruguay,RU2,RÍO NEGRO,2018-05-08,2018-05-08 09:45:00,3288413,NA,34,92.8,120,5,6.61,21
Rio Uruguay,RU7,RÍO NEGRO,2015-08-18,2015-08-18 00:00:00,3278075,0.3,26,57.2,160,24,7.16,16.9
Rio Uruguay,RU16,RÍO NEGRO,2018-03-07,2018-03-07 12:45:00,3288299,3.3,21,80.2,90,NA,7.88,26
Rio Uruguay,RU13,RÍO NEGRO,2016-11-09,2016-11-09 00:00:00,3277962,1.2,30,70.3,81,7,7.47,23.1
Rio Uruguay,RU1,RÍO NEGRO,2016-01-26,2016-01-26 00:00:00,3277866,1.5,27,59,230,3,6.58,29.2
Rio Uruguay,RU11,RÍO NEGRO,2016-01-27,2016-01-27 00:00:00,3277876,0.9,24,62.6,240,2,7.2,28.1
Rio Uruguay,RU8,RÍO NEGRO,2016-01-26,2016-01-26 00:00:00,3277873,5,24,61.6,230,3,7.2,29.6
Rio Uruguay,RU1,RÍO NEGRO,2015-02-24,2015-02-24 00:00:00,3278018,0.6,25,67.7,47,3,7.17,26.1
Rio Uruguay,RU8,RÍO NEGRO,2018-05-08,2018-05-08 12:25:00,3288422,NA,33,88.7,130,9,7.24,21.2
Rio Uruguay,RU14,RÍO NEGRO,2015-10-21,2015-10-21 00:00:00,3277862,0.1,22,56.3,65,9,7.2,21
Rio Uruguay,RU7,RÍO NEGRO,2016-09-07,2016-09-07 00:00:00,3277939,0.7,29,61.8,NA,7,7.87,13.4
Rio Uruguay,RU1,RÍO NEGRO,2017-11-07,2017-11-07 09:15:00,3287063,NA,23,63,67,6,7.09,22.3
Rio Uruguay,RU4,RÍO NEGRO,2017-11-07,2017-11-07 10:10:00,3287066,4,21,57.4,61,5,7.12,22.2
Rio Uruguay,RU12,RÍO NEGRO,2016-03-09,2016-03-09 00:00:00,3277894,1,31,69.4,130,2,7.66,NA
Rio Uruguay,RU2,RÍO NEGRO,2016-11-08,2016-11-08 00:00:00,3277951,1.3,31,70.8,66,5,7.31,22.9
Rio Uruguay,RU10,RÍO NEGRO,2018-01-10,2018-01-10 08:35:00,3287092,14,31,79.8,64,29,7.78,NA
Rio Uruguay,RU2,RÍO NEGRO,2014-12-16,2014-12-16 00:00:00,3278002,0.4,35,72.6,69,2,7.32,25
Rio Uruguay,RU6,RÍO NEGRO,2014-12-16,2014-12-16 00:00:00,3278006,2.5,34,72.1,60,4,7.45,25.6
Rio Uruguay,RU10,RÍO NEGRO,2014-12-17,2014-12-17 00:00:00,3278010,0.4,35,72.3,71,3,7.46,25.5
Rio Uruguay,RU4,RÍO NEGRO,2015-02-24,2015-02-24 00:00:00,3278021,5.3,29,63.6,59,2,6.77,27
Rio Uruguay,RU15,RÍO NEGRO,2017-01-18,2017-01-18 11:10:00,3287008,1.2,22,64.7,75,11,7.13,27.9
Rio Uruguay,RU14,RÍO NEGRO,2016-01-27,2016-01-27 00:00:00,3277879,2.2,23,62.3,230,3,7.38,28.1
Rio Uruguay,RU7,RÍO NEGRO,2016-01-26,2016-01-26 00:00:00,3277872,4.3,23,58.6,240,4,7.15,29.8
Rio Uruguay,RU8,RÍO NEGRO,2015-06-23,2015-06-23 00:00:00,3278059,0.4,27,59.9,66,2,7.3,14.7
Rio Uruguay,RU11,RÍO NEGRO,2015-08-19,2015-08-19 00:00:00,3278079,0.5,30,60.5,160,11,6.64,16.5
Rio Uruguay,RU3,RÍO NEGRO,2017-11-07,2017-11-07 09:50:00,3287065,NA,27,72,73,NA,7.06,22.3
Rio Uruguay,RU6,RÍO NEGRO,2014-07-22,2014-07-22 00:00:00,3277972,0.1,31,61.7,76,8,6.95,16.9
Rio Uruguay,RU12,RÍO NEGRO,2014-07-23,2014-07-23 00:00:00,3277978,0.1,31,59.7,120,11,6.72,16.8
Rio Uruguay,RU14,RÍO NEGRO,2018-01-10,2018-01-10 11:15:00,3287097,17,31,82.4,47,7,NA,NA
Rio Uruguay,RU14,RÍO NEGRO,2014-07-23,2014-07-23 00:00:00,3277980,0.1,31,64.2,90,22,6.79,16.3
Rio Uruguay,RU10,RÍO NEGRO,2016-01-27,2016-01-27 00:00:00,3277875,3,27,67.1,230,9,7.35,NA
Rio Uruguay,RU6,RÍO NEGRO,2016-09-07,2016-09-07 00:00:00,3277938,1.3,27,56.5,NA,31,7.73,12.6
Rio Uruguay,RU13,RÍO NEGRO,2016-05-04,2016-05-04 00:00:00,3277912,1.2,27,59.3,76,4,7.4,15.1
Rio Uruguay,RU10,RÍO NEGRO,2016-07-06,2016-07-06 00:00:00,3277926,1.3,51,73.5,110,4,7.89,12.9
Rio Uruguay,RU13,RÍO NEGRO,2014-07-23,2014-07-23 00:00:00,3277979,0.1,31,62.8,190,10,7.02,16.8
Rio Uruguay,RU13,RÍO NEGRO,2016-03-09,2016-03-09 00:00:00,3277895,2.7,31,71.3,130,2,7.49,26.7
Rio Uruguay,RU4,RÍO NEGRO,2017-01-17,2017-01-17 11:35:00,3286997,4.1,23,61,66,14,6.8,26.6
Rio Uruguay,RU7,RÍO NEGRO,2017-11-07,2017-11-07 11:00:00,3287069,NA,25,66.8,76,5,7.15,22.2
Rio Uruguay,RU3,RÍO NEGRO,2018-05-08,2018-05-08 10:10:00,3288414,NA,32,88.1,120,8,7.01,21.3
Rio Uruguay,RU7,RÍO NEGRO,2014-07-22,2014-07-22 00:00:00,3277973,0.1,33,57.2,69,8,7.16,16.9
Rio Uruguay,RU12,RÍO NEGRO,2017-01-18,2017-01-18 09:59:00,3287005,0.7,22,65.2,73,8,6.92,27.6
Rio Uruguay,RU5,RÍO NEGRO,2016-01-26,2016-01-26 00:00:00,3277870,4,23,59,250,2,7.32,29.5
Rio Uruguay,RU5,RÍO NEGRO,2017-11-07,2017-11-07 10:22:00,3287067,NA,22,62.5,76,6,7.06,22.2
Rio Uruguay,RU6,RÍO NEGRO,2018-05-08,2018-05-08 11:00:00,3288419,NA,33,88.3,140,8,7.15,21.3
Rio Uruguay,RU16,RÍO NEGRO,2015-06-24,2015-06-24 00:00:00,3278067,0.6,32,61.6,65,1,7.43,13.1
Rio Uruguay,RU15,RÍO NEGRO,2016-03-09,2016-03-09 00:00:00,3277897,1.9,31,68.7,120,2,7.58,26.2
Rio Uruguay,RU2,RÍO NEGRO,2014-10-21,2014-10-21 00:00:00,3277985,NA,34,52.2,130,5,7.03,20.8
Rio Uruguay,RU3,RÍO NEGRO,2014-12-16,2014-12-16 00:00:00,3278003,0.7,34,70.1,61,5,7.52,25.3
Rio Uruguay,RU8,RÍO NEGRO,2014-12-16,2014-12-16 00:00:00,3278008,0.3,35,72.7,65,4,7.04,25.5
Rio Uruguay,RU15,RÍO NEGRO,2014-12-17,2014-12-17 00:00:00,3278015,1.8,35,71.2,64,5,7.58,25.7
Rio Uruguay,RU15,RÍO NEGRO,2015-02-25,2015-02-25 00:00:00,3278032,1.8,31,59,51,3,6.91,25.9
Rio Uruguay,RU14,RÍO NEGRO,2015-02-25,2015-02-25 00:00:00,3278031,1.8,28,71.2,52,2,6.63,25.8
Rio Uruguay,RU9,RÍO NEGRO,2017-07-26,2017-07-26 10:11:00,3287052,NA,32,65.9,93,NA,7.14,14.9
Rio Uruguay,RU4,RÍO NEGRO,2018-05-08,2018-05-08 10:45:00,3288416,NA,29,78.6,110,13,7.2,20.7
Rio Uruguay,RU12,RÍO NEGRO,2018-05-09,2018-05-09 09:30:00,3288426,NA,28,79,110,14,7.16,21.3
Rio Uruguay,RU5,RÍO NEGRO,2017-01-17,2017-01-17 11:57:00,3286998,0.7,23,62.5,76,11,6.76,27.4
Rio Uruguay,RU14,RÍO NEGRO,2016-11-09,2016-11-09 00:00:00,3277963,NA,31,71,85,4,7.38,23
Rio Uruguay,RU7,RÍO NEGRO,2017-07-25,2017-07-25 14:57:00,3287049,NA,28,58,86,NA,7.52,14.6
Rio Uruguay,RU10,RÍO NEGRO,2018-05-09,2018-05-09 09:10:00,3288424,2.9,38,99.5,160,8,7.45,20.8
Rio Uruguay,RU16,RÍO NEGRO,2015-08-19,2015-08-19 00:00:00,3277847,0.1,32,65.7,190,10,7.02,16.3
Rio Uruguay,RU7,RÍO NEGRO,2018-05-08,2018-05-08 11:50:00,3288420,NA,32,87.7,130,11,7.24,21.4
Rio Uruguay,RU16,RÍO NEGRO,2014-07-23,2014-07-23 00:00:00,3277982,0.1,34,65.7,130,35,7.02,16.3
Rio Uruguay,RU3,RÍO NEGRO,2017-01-17,2017-01-17 11:10:00,3286996,1,23,62.7,72,10,7.11,27.4
Rio Uruguay,RU5,RÍO NEGRO,2018-03-06,2018-03-06 10:22:00,3288284,NA,23,83,87,NA,7.6,26.6
Rio Uruguay,RU5,RÍO NEGRO,2014-12-16,2014-12-16 00:00:00,3278005,NA,34,69.6,63,5,7.63,25
Rio Uruguay,RU8,RÍO NEGRO,2015-02-24,2015-02-24 00:00:00,3278025,0.3,28,72.1,46,1,7.18,26.3
Rio Uruguay,RU8,RÍO NEGRO,2015-04-20,2015-04-20 00:00:00,3278042,5,28,60,61,3,7.55,19.1
Rio Uruguay,RU15,RÍO NEGRO,2015-10-21,2015-10-21 00:00:00,3277863,0.7,19,51.9,78,22,7.35,20.8
Rio Uruguay,RU9,RÍO NEGRO,2016-03-09,2016-03-09 00:00:00,3277891,8.3,35,70,130,6,7.34,NA
Rio Uruguay,RU3,RÍO NEGRO,2016-09-07,2016-09-07 00:00:00,3277935,0.4,30,62.4,NA,6,7.83,13.6
Rio Uruguay,RU3,RÍO NEGRO,2014-07-22,2014-07-22 00:00:00,3277969,0.3,34,63,66,7,6.48,16.5
Rio Uruguay,RU15,RÍO NEGRO,2015-06-24,2015-06-24 00:00:00,3278066,NA,32,59.9,66,7,7.36,14.2
Rio Uruguay,RU8,RÍO NEGRO,2017-07-25,2017-07-25 15:31:00,3287051,NA,28,56,84,NA,7.27,14.6
Rio Uruguay,RU6,RÍO NEGRO,2017-07-25,2017-07-25 14:20:00,3287048,NA,28,55,82,NA,7.19,14.8
Rio Uruguay,RU5,RÍO NEGRO,2018-05-08,2018-05-08 11:10:00,3288417,NA,31,84,120,12,7.12,21.4
Rio Uruguay,RU2,RÍO NEGRO,2015-08-18,2015-08-18 00:00:00,3278070,0.6,34,63.5,270,4,7.02,16.1
Rio Uruguay,RU9,RÍO NEGRO,2015-08-19,2015-08-19 00:00:00,3278077,0.3,34,69.8,160,5,6.41,16.2
Rio Uruguay,RU12,RÍO NEGRO,2015-08-19,2015-08-19 00:00:00,3278080,0.3,29,59.7,190,28,6.72,16.8
Rio Uruguay,RU13,RÍO NEGRO,2015-06-24,2015-06-24 00:00:00,3278064,0.4,33,61.8,65,3,7.57,13.9
Rio Uruguay,RU16,RÍO NEGRO,2014-12-17,2014-12-17 00:00:00,3278016,1,47,100,94,45,7.68,27.8
Rio Uruguay,RU11,RÍO NEGRO,2017-01-18,2017-01-18 09:47:00,3287004,0.7,23,64.1,79,11,6.79,27.6
Rio Uruguay,RU15,RÍO NEGRO,2016-01-27,2016-01-27 00:00:00,3277880,5,24,62.5,120,4,7.3,28.7
Rio Uruguay,RU2,RÍO NEGRO,2016-05-03,2016-05-03 00:00:00,3277901,NA,29,52.3,75,2,7.41,13.6
Rio Uruguay,RU7,RÍO NEGRO,2014-12-16,2014-12-16 00:00:00,3278007,NA,32,69.8,58,5,7.51,25.8
Rio Uruguay,RU4,RÍO NEGRO,2016-03-08,2016-03-08 00:00:00,3277886,7.5,30,51.6,110,7,7.86,27.4
Rio Uruguay,RU7,RÍO NEGRO,2015-04-20,2015-04-20 00:00:00,3278041,3.7,27,58.4,69,4,6.97,18.8
Rio Uruguay,RU9,RÍO NEGRO,2015-04-21,2015-04-21 00:00:00,3278043,3.6,28,68,73,3,7.11,18.3
Rio Uruguay,RU11,RÍO NEGRO,2015-04-21,2015-04-21 00:00:00,3278045,2.6,27,61.35,76,6,7.37,18.6
Rio Uruguay,RU3,RÍO NEGRO,2016-03-08,2016-03-08 00:00:00,3277885,2.1,32,55.6,130,2,7.75,26.8
Rio Uruguay,RU12,RÍO NEGRO,2015-04-21,2015-04-21 00:00:00,3278046,6.5,27,59.1,70,4,8.81,18.8
Rio Uruguay,RU5,RÍO NEGRO,2017-07-25,2017-07-25 13:34:00,3287046,NA,27,54.4,85,NA,7.38,14.7
Rio Uruguay,RU13,RÍO NEGRO,2017-11-08,2017-11-08 09:35:00,3287075,NA,27,72,68,NA,7.19,22.4
Rio Uruguay,RU4,RÍO NEGRO,2015-06-23,2015-06-23 00:00:00,3278055,NA,25,53.6,72,6,7.4,12.5
Rio Uruguay,RU16,RÍO NEGRO,2016-11-09,2016-11-09 00:00:00,3277965,0.7,31,75.4,78,5,7.42,23.5
Rio Uruguay,RU16,RÍO NEGRO,2017-03-08,2017-03-08 13:30:00,3287038,5.2,28,73.7,66,NA,7.31,26.3
Rio Uruguay,RU12,RÍO NEGRO,2016-01-27,2016-01-27 00:00:00,3277877,3.7,23,57.8,240,4,7.26,28.5
Rio Uruguay,RU9,RÍO NEGRO,2017-11-08,2017-11-08 08:40:00,3287071,3.2,29,74.1,86,5,7.28,21.8
Rio Uruguay,RU15,RÍO NEGRO,2018-03-07,2018-03-07 12:30:00,3288297,3.4,22,78.8,940,NA,7.7,25
Rio Uruguay,RU10,RÍO NEGRO,2018-09-05,2018-09-05 09:50:00,3291917,NA,55,101.7,98,5,7.32,14.1
Rio Uruguay,RU15,RÍO NEGRO,2018-09-05,2018-09-05 10:30:00,3291922,NA,38,75.2,110,45,6.88,14.3
Rio Uruguay,RU8,RÍO NEGRO,2018-09-04,2018-09-04 11:30:00,3291915,NA,44,86.5,100,6,7.3,14.5
Rio Uruguay,RU2,RÍO NEGRO,2018-09-04,2018-09-04 10:00:00,3291909,NA,43,83,89,6,6.8,13.6
Rio Uruguay,RU11,RÍO NEGRO,2018-09-05,2018-09-05 09:20:00,3291918,NA,45,87.5,92,11,7.21,14.2
Rio Uruguay,RU3,RÍO NEGRO,2018-09-04,2018-09-04 10:15:00,3291910,NA,44,85.4,100,14,6.94,13.9
Rio Uruguay,RU6,RÍO NEGRO,2018-09-04,2018-09-04 10:45:00,3291913,NA,44,85.4,100,8,7.13,14
Rio Uruguay,RU12,RÍO NEGRO,2018-09-05,2018-09-05 09:35:00,3291919,NA,41,78.2,88,24,7.14,14.2
Rio Uruguay,RU7,RÍO NEGRO,2018-09-04,2018-09-04 11:00:00,3291914,NA,43,84.2,130,17,7.09,14.2
Rio Uruguay,RU14,RÍO NEGRO,2018-09-05,2018-09-05 10:47:00,3291921,NA,46,91.1,110,13,7.09,14.3
Rio Uruguay,RU16,RÍO NEGRO,2018-09-05,2018-09-05 11:00:00,3291923,NA,46,92.3,97,NA,7.34,14.5
Rio Uruguay,RU13,RÍO NEGRO,2018-09-05,2018-09-05 09:45:00,3291920,NA,46,91.7,99,13,7.19,14.3
Rio Uruguay,RU4,RÍO NEGRO,2018-09-04,2018-09-04 10:30:00,3291911,2.3,33,67,66,NA,6.81,13.2
Rio Uruguay,RU1,RÍO NEGRO,2018-09-04,2018-09-04 09:45:00,3291908,NA,43,83.8,110,20,6.7,14
Rio Uruguay,RU9,RÍO NEGRO,2018-09-05,2018-09-05 08:50:00,3291916,NA,62,120.6,99,5,7.37,14.7
Rio Uruguay,RU5,RÍO NEGRO,2018-09-04,2018-09-04 10:40:00,3291912,NA,41,82.5,96,18,7.05,14
Río Negro,RN1,CERRO LARGO,2009-05-26,2009-05-26 00:00:00,3271043,NA,44,193.6,210,22,6.22,17.8
Río Negro,RN3,TACUAREMBÓ,2009-05-26,2009-05-26 00:00:00,3271044,0.3,44,97,460,10,6.4,18
Río Negro,RN5,TACUAREMBÓ,2009-05-27,2009-05-27 00:00:00,3271045,NA,41,106.6,84,NA,6.79,16.4
Río Negro,RN5F,TACUAREMBÓ,2009-05-27,2009-05-27 00:00:00,3271046,NA,40,89,75,NA,6.22,16.36
Río Negro,RN6,TACUAREMBÓ,2009-05-27,2009-05-27 00:00:00,3271047,0.3,41,106.4,99,NA,6.25,16.4
Río Negro,RN7,TACUAREMBÓ,2009-05-27,2009-05-27 00:00:00,3271048,0.3,43,111.1,82,NA,7.33,17
Río Negro,RN9,RÍO NEGRO,2009-05-28,2009-05-28 00:00:00,3271049,NA,44,111.6,110,NA,7.03,16.1
Río Negro,RN9F,RÍO NEGRO,2009-05-28,2009-05-28 00:00:00,3271050,NA,43,111.7,86.4,NA,6.97,16.9
Río Negro,RN10,RÍO NEGRO,2009-05-28,2009-05-28 00:00:00,3271051,NA,44,111.1,91.3,NA,7.1,16.1
Río Negro,RN11,RÍO NEGRO,2009-06-02,2009-06-02 00:00:00,3271052,0.3,48,117.2,74,NA,7.48,13.7
Río Negro,RN13,SORIANO,2009-06-02,2009-06-02 00:00:00,3271053,NA,50,106.5,85,NA,7.21,15.4
Río Negro,RN13F,RÍO NEGRO,2009-06-02,2009-06-02 00:00:00,3271054,NA,50,131.9,100,NA,7.2,15.1
Río Negro,RN14,SORIANO,2009-06-02,2009-06-02 00:00:00,3271055,0.15,51,132.5,89,NA,8.12,15.7
Río Negro,RN15,SORIANO,2009-06-03,2009-06-03 00:00:00,3271056,0.15,64,150.7,110,NA,7.66,11.9
Río Negro,RN16,SORIANO,2009-06-03,2009-06-03 00:00:00,3271057,NA,66,157.5,150,NA,7.59,12.4
Río Negro,RN17,SORIANO,2009-06-03,2009-06-03 00:00:00,3271058,NA,66,118.3,130,15,7.07,12.4
Río Negro,RN1,CERRO LARGO,2009-09-15,2009-09-15 00:00:00,3271059,1.4,31,81.4,180,12,6.37,15.2
Río Negro,RN2,TACUAREMBÓ,2009-09-15,2009-09-15 00:00:00,3271060,1.5,28,76.5,150,34,6.4,15.3
Río Negro,RN3,TACUAREMBÓ,2009-09-15,2009-09-15 00:00:00,3271061,0.6,29,71,110,10,6.64,15.5
Río Negro,RN5,TACUAREMBÓ,2009-09-16,2009-09-16 00:00:00,3271062,4.8,45,107.2,100,NA,7.27,15.5
Río Negro,RN5F,TACUAREMBÓ,2009-09-16,2009-09-16 00:00:00,3271063,NA,45,107.4,110,18,7.4,15.5
Río Negro,RN6,TACUAREMBÓ,2009-09-16,2009-09-16 00:00:00,3271064,0.6,47,107.5,100,NA,7.47,16.1
Río Negro,RN7,TACUAREMBÓ,2009-09-16,2009-09-16 00:00:00,3271065,2.1,48,108.5,100,NA,7.25,15.6
Río Negro,RN9,RÍO NEGRO,2009-09-17,2009-09-17 00:00:00,3271066,0.6,66,135.8,48,NA,7.59,15.2
Río Negro,RN9F,RÍO NEGRO,2009-09-17,2009-09-17 00:00:00,3271067,NA,67,135.6,54,NA,7.35,15
Río Negro,RN10,RÍO NEGRO,2009-09-17,2009-09-17 00:00:00,3271068,1.7,66,134,91.086,5,7.86,15.2
Río Negro,RN11,RÍO NEGRO,2009-09-22,2009-09-22 00:00:00,3271069,0.1,55,134.5,108.021,NA,7.56,15.6
Río Negro,RN12,DURAZNO,2009-09-22,2009-09-22 00:00:00,3271070,0.1,63,156.5,128.671,NA,7.38,16.3
Río Negro,RN13,SORIANO,2009-09-22,2009-09-22 00:00:00,3271071,0.4,51,132.1,110,NA,7.56,16.1
Río Negro,RN13F,RÍO NEGRO,2009-09-22,2009-09-22 00:00:00,3271072,NA,52,133,151,NA,7.56,15.4
Río Negro,RN14,SORIANO,2009-09-22,2009-09-22 00:00:00,3271073,0.2,51,131.1,133,NA,7.43,14.8
Río Negro,RN15,SORIANO,2009-09-23,2009-09-23 00:00:00,3271074,0.7,64,152.2,NA,7,7.86,14.7
Río Negro,RN16,SORIANO,2009-09-23,2009-09-23 00:00:00,3271075,0.4,69,163.3,NA,7,7.8,15
Río Negro,RN17,SORIANO,2009-09-23,2009-09-23 00:00:00,3271076,0.6,57,139.2,NA,NA,7.49,15.8
Río Negro,RN1,CERRO LARGO,2010-06-02,2010-06-02 00:00:00,3271077,NA,47,174.4,160,25,7.79,13.8
Río Negro,RN2,TACUAREMBÓ,2010-06-02,2010-06-02 00:00:00,3271078,NA,24,80.4,110,34,6.4,14.1
Río Negro,RN3,TACUAREMBÓ,2010-06-02,2010-06-02 00:00:00,3271079,0.2,33,101.9,100,NA,6.28,17.5
Río Negro,RN5,TACUAREMBÓ,2010-06-03,2010-06-03 00:00:00,3271080,4.8,26,59.2,68,NA,7.47,15.6
Río Negro,RN5F,TACUAREMBÓ,2010-06-03,2010-06-03 00:00:00,3271081,NA,25,48.2,75,NA,7.2,15
Río Negro,RN6,TACUAREMBÓ,2010-06-03,2010-06-03 00:00:00,3271082,7.8,25,59.4,75,NA,7.37,15.1
Río Negro,RN7,TACUAREMBÓ,2010-06-03,2010-06-03 00:00:00,3271083,5.3,27,62.2,75,NA,7.52,15.3
Río Negro,RN9,RÍO NEGRO,2010-06-03,2010-06-03 00:00:00,3271084,4.4,28,64.7,67,NA,7.46,15.1
Río Negro,RN9F,RÍO NEGRO,2010-06-03,2010-06-03 00:00:00,3271085,NA,27,65.3,67,NA,7.34,15.2
Río Negro,RN10,RÍO NEGRO,2010-06-03,2010-06-03 00:00:00,3271086,8.3,28,65.7,77,7,7.55,16
Río Negro,RN11,RÍO NEGRO,2010-06-09,2010-06-09 00:00:00,3271087,2.6,40,75.2,64,NA,7.48,14.3
Río Negro,RN12,DURAZNO,2010-06-09,2010-06-09 00:00:00,3271088,7.1,76,150.9,93,NA,7.78,13.5
Río Negro,RN13,SORIANO,2010-06-09,2010-06-09 00:00:00,3271089,2.9,43,82.5,71,NA,7.35,15.2
Río Negro,RN13F,RÍO NEGRO,2010-06-09,2010-06-09 00:00:00,3271090,NA,43,82.6,68,NA,7.43,15.1
Río Negro,RN14,SORIANO,2010-06-09,2010-06-09 00:00:00,3271091,3.8,43,82.6,74,NA,7.43,15.8
Río Negro,RN15,SORIANO,2010-06-10,2010-06-10 00:00:00,3271092,NA,50,95.1,72,NA,7.59,14
Río Negro,RN16,SORIANO,2010-06-10,2010-06-10 00:00:00,3271093,NA,69,130,94,5,7.6,13.9
Río Negro,RN17,SORIANO,2010-06-10,2010-06-10 00:00:00,3271094,NA,55,106,120,5,7.62,13.9
Río Negro,RN1,CERRO LARGO,2010-08-04,2010-08-04 00:00:00,3271095,12.7,16.3,42,75,10,6.86,10
Río Negro,RN2,TACUAREMBÓ,2010-08-04,2010-08-04 00:00:00,3271096,NA,19.4,49.4,70,10,7.05,10.2
Río Negro,RN3,TACUAREMBÓ,2010-08-04,2010-08-04 00:00:00,3271097,1.8,19.3,49.5,72,21,8.01,10.9
Río Negro,RN5,TACUAREMBÓ,2010-08-05,2010-08-05 00:00:00,3271098,0.3,28.8,63.4,76,NA,8.37,9.5
Río Negro,RN5F,TACUAREMBÓ,2010-08-05,2010-08-05 00:00:00,3271099,NA,29.1,63.2,80,NA,8.2,9.3
Río Negro,RN6,TACUAREMBÓ,2010-08-05,2010-08-05 00:00:00,3271100,1.3,29.1,64.1,74,9,8.38,9.9
Río Negro,RN7,TACUAREMBÓ,2010-08-05,2010-08-05 00:00:00,3271101,2.1,29.3,64.5,87,NA,8,9.3
Río Negro,RN9,RÍO NEGRO,2010-08-06,2010-08-06 00:00:00,3271102,NA,33,69.9,77,NA,7.26,9.4
Río Negro,RN9F,RÍO NEGRO,2010-08-06,2010-08-06 00:00:00,3271103,NA,33.7,69.9,74,NA,7.63,9.1
Río Negro,RN10,RÍO NEGRO,2010-08-06,2010-08-06 00:00:00,3271104,0.3,33.3,71.2,84,NA,7.8,10.1
Río Negro,RN11,RÍO NEGRO,2010-08-11,2010-08-11 00:00:00,3271105,NA,40.9,82.5,67,NA,7.68,10
Río Negro,RN12,DURAZNO,2010-08-11,2010-08-11 00:00:00,3271106,23.8,51.7,112,90,NA,7.41,10
Río Negro,RN13,SORIANO,2010-08-12,2010-08-12 00:00:00,3271107,1.2,44.3,94.5,97,NA,7.21,10.2
Río Negro,RN13F,RÍO NEGRO,2010-08-12,2010-08-12 00:00:00,3271108,NA,44.4,95,95,NA,7.62,10.6
Río Negro,RN14,SORIANO,2010-08-12,2010-08-12 00:00:00,3271109,NA,45,94.4,93,NA,7.14,9.9
Río Negro,RN15,SORIANO,2010-08-13,2010-08-13 00:00:00,3271110,NA,51.1,106.9,98,NA,7.53,10
Río Negro,RN16,SORIANO,2010-08-13,2010-08-13 00:00:00,3271111,0.6,59.3,122,103,NA,7.3,10.1
Río Negro,RN17,SORIANO,2010-08-13,2010-08-13 00:00:00,3271112,0.3,56.3,117.6,96,NA,7.57,10.7
Río Negro,RN1,CERRO LARGO,2010-12-01,2010-12-01 00:00:00,3271113,12.7,60,172.1,176,34,7.57,20.1
Río Negro,RN2,TACUAREMBÓ,2010-12-01,2010-12-01 00:00:00,3271114,6.4,63,157.8,113,30,7.52,23.1
Río Negro,RN3,TACUAREMBÓ,2010-12-01,2010-12-01 00:00:00,3271115,5.3,32,73.1,105,12,8.64,30.4
Río Negro,RN5,TACUAREMBÓ,2010-12-02,2010-12-02 00:00:00,3271116,1.5,36,85.3,NA,NA,7.49,21.2
Río Negro,RN5F,TACUAREMBÓ,2010-12-02,2010-12-02 00:00:00,3271117,NA,36,88.4,67.3,NA,7.3,22.9
Río Negro,RN6,TACUAREMBÓ,2010-12-02,2010-12-02 00:00:00,3271118,11.1,38,87.2,75.2,6,7.29,21.5
Río Negro,RN7,TACUAREMBÓ,2010-12-02,2010-12-02 00:00:00,3271119,19.5,37,88.6,88.4,NA,7.87,22.4
Río Negro,RN9,RÍO NEGRO,2010-12-03,2010-12-03 00:00:00,3271120,5,39,89.6,92.1,5,8.2,23.5
Río Negro,RN9F,RÍO NEGRO,2010-12-03,2010-12-03 00:00:00,3271121,NA,39,90.6,71.3,NA,7.36,22.7
Río Negro,RN10,RÍO NEGRO,2010-12-03,2010-12-03 00:00:00,3271122,1.9,37,90.7,88,10,7.36,24
Río Negro,RN11,RÍO NEGRO,2010-12-08,2010-12-08 00:00:00,3271123,4.7,45,93.2,100,NA,7.57,21.5
Río Negro,RN12,DURAZNO,2010-12-08,2010-12-08 00:00:00,3271124,1.5,63,145.1,116,NA,7.77,22.8
Río Negro,RN13,SORIANO,2010-12-09,2010-12-09 00:00:00,3271125,22.8,43,99.7,178,6,8.43,23.1
Río Negro,RN13F,RÍO NEGRO,2010-12-09,2010-12-09 00:00:00,3271126,NA,42,101.5,268,6,8.36,23.5
Río Negro,RN14,SORIANO,2010-12-09,2010-12-09 00:00:00,3271127,2.5,45,101.7,176,NA,7.7,19.7
Río Negro,RN15,SORIANO,2010-12-10,2010-12-10 00:00:00,3271128,4.7,NA,140.6,175,NA,7.73,23.4
Río Negro,RN16,SORIANO,2010-12-10,2010-12-10 00:00:00,3271129,9.6,NA,130.9,179,5,8,23.5
Río Negro,RN17,SORIANO,2010-12-10,2010-12-10 00:00:00,3271130,32.9,NA,106.5,141,15,8.44,22.7
Río Negro,RN1,CERRO LARGO,2011-03-30,2011-03-30 00:00:00,3271131,4.7,55.7,154.2,180,30,7.34,19.3
Río Negro,RN2,TACUAREMBÓ,2011-03-30,2011-03-30 00:00:00,3271132,6.7,62.9,133.2,105,21,7.26,19
Río Negro,RN3,TACUAREMBÓ,2011-03-30,2011-03-30 00:00:00,3271133,9,41.9,108.3,170,8,7.86,21.4
Río Negro,RN5,TACUAREMBÓ,2011-03-31,2011-03-31 00:00:00,3271134,25.3,37.9,85.5,69.7,NA,6.64,20.6
Río Negro,RN5F,TACUAREMBÓ,2011-03-31,2011-03-31 00:00:00,3271135,NA,37.8,85.4,58.3,7,7.22,20.5
Río Negro,RN6,TACUAREMBÓ,2011-03-31,2011-03-31 00:00:00,3271136,30.8,38.5,93.3,77,8,7.6,23.8
Río Negro,RN7,TACUAREMBÓ,2011-03-31,2011-03-31 00:00:00,3271137,3.1,38.6,97.2,66.1,NA,6.58,20.6
Río Negro,RN9,RÍO NEGRO,2011-04-01,2011-04-01 00:00:00,3271138,23.5,41.1,91.6,70.1,NA,7.42,21.3
Río Negro,RN9F,RÍO NEGRO,2011-04-01,2011-04-01 00:00:00,3271139,NA,40.9,93.1,68.8,NA,7.35,21
Río Negro,RN10,RÍO NEGRO,2011-04-01,2011-04-01 00:00:00,3271140,0.1,41.6,99.9,94,NA,7.33,23.3
Río Negro,RN11,RÍO NEGRO,2011-04-06,2011-04-06 00:00:00,3271141,21.5,47.5,101.6,80.8,NA,7.89,20.8
Río Negro,RN12,DURAZNO,2011-04-06,2011-04-06 00:00:00,3271142,12.4,50.1,108,87.2,NA,7.86,20.8
Río Negro,RN13,SORIANO,2011-04-07,2011-04-07 00:00:00,3271143,16.7,50.8,115.1,72.7,5,8.78,22.1
Río Negro,RN13F,RÍO NEGRO,2011-04-07,2011-04-07 00:00:00,3271144,NA,51.3,113.9,67.3,NA,7.78,21.4
Río Negro,RN14,SORIANO,2011-04-07,2011-04-07 00:00:00,3271145,20.1,52,116.3,94.2,NA,8,23.1
Río Negro,RN15,SORIANO,2011-04-08,2011-04-08 00:00:00,3271146,4.1,68.5,142.9,63.2,7,8.06,21.6
Río Negro,RN16,SORIANO,2011-04-08,2011-04-08 00:00:00,3271147,5.3,65.6,138.5,62.8,6,7.75,21.5
Río Negro,RN17,SORIANO,2011-04-08,2011-04-08 00:00:00,3271148,NA,45.9,101.4,97.2,8,7.95,21.3
Río Negro,RN1,CERRO LARGO,2011-05-25,2011-05-25 00:00:00,3271149,0.4,52,192.9,119,22,6.57,14.9
Río Negro,RN2,TACUAREMBÓ,2011-05-25,2011-05-25 00:00:00,3271150,NA,55,159.1,131,16,7.27,14.1
Río Negro,RN3,TACUAREMBÓ,2011-05-25,2011-05-25 00:00:00,3271151,0.1,45,110.3,116,9,7.29,14.3
Río Negro,RN5,TACUAREMBÓ,2011-05-26,2011-05-26 00:00:00,3271152,1.6,40,89.7,81.3,5,7.22,15.4
Río Negro,RN5F,TACUAREMBÓ,2011-05-26,2011-05-26 00:00:00,3271153,NA,42,89.6,70.6,6,7.62,16.2
Río Negro,RN6,TACUAREMBÓ,2011-05-26,2011-05-26 00:00:00,3271154,0.3,41,93.1,84.6,6,7.12,15.8
Río Negro,RN7,TACUAREMBÓ,2011-05-26,2011-05-26 00:00:00,3271155,0.1,47,102.1,79.6,14,6.67,15.5
Río Negro,RN9,RÍO NEGRO,2011-05-27,2011-05-27 00:00:00,3271156,NA,50,86,83.2,7,7.18,15.1
Río Negro,RN9F,RÍO NEGRO,2011-05-27,2011-05-27 00:00:00,3271157,NA,52,90.75,95.1,11,7.64,15
Río Negro,RN10,RÍO NEGRO,2011-05-27,2011-05-27 00:00:00,3271158,0.3,54,93.3,107,15,7.36,15
Río Negro,RN11,RÍO NEGRO,2011-06-01,2011-06-01 00:00:00,3271159,NA,51,104,144,NA,6.93,14.5
Río Negro,RN12,DURAZNO,2011-06-01,2011-06-01 00:00:00,3271160,0.3,46,102.1,258,6,6.15,12.7
Río Negro,RN13,SORIANO,2011-06-02,2011-06-02 00:00:00,3271161,0.7,53,122,83.7,NA,7.65,15.5
Río Negro,RN13F,RÍO NEGRO,2011-06-02,2011-06-02 00:00:00,3271162,NA,56,124.9,82.3,NA,6.93,15.3
Río Negro,RN14,SORIANO,2011-06-02,2011-06-02 00:00:00,3271163,NA,57,102.9,86.2,NA,7.59,15.1
Río Negro,RN15,SORIANO,2011-06-03,2011-06-03 00:00:00,3271164,3.5,57,129.3,117,7,7.71,14.9
Río Negro,RN16,SORIANO,2011-06-03,2011-06-03 00:00:00,3271165,3.8,60,131.3,115,7,7.77,14.7
Río Negro,RN17,SORIANO,2011-06-03,2011-06-03 00:00:00,3271166,2.3,58,102.1,120,5,7.2,14.8
Río Negro,RN1,CERRO LARGO,2012-01-18,2012-01-18 00:00:00,3271167,6.5,100,241.8,161,24,7.98,25
Río Negro,RN2,TACUAREMBÓ,2012-01-18,2012-01-18 00:00:00,3271168,3.1,53,131.8,147,46,7.75,27
Río Negro,RN3,TACUAREMBÓ,2012-01-18,2012-01-18 00:00:00,3271169,8.9,44,84.4,67,NA,8.54,25.6
Río Negro,RN5F,TACUAREMBÓ,2012-01-19,2012-01-19 00:00:00,3271171,NA,39,93.1,120,12,8.53,25.7
Río Negro,RN6,TACUAREMBÓ,2012-01-19,2012-01-19 00:00:00,3271172,2.2,38,92.1,150,8,8.79,26
Río Negro,RN7,TACUAREMBÓ,2012-01-19,2012-01-19 00:00:00,3271173,6.5,37,91.9,120,NA,8.28,25.1
Río Negro,RN9,RÍO NEGRO,2012-01-19,2012-01-19 00:00:00,3271174,12.3,42,94.3,110,6,8.07,25.3
Río Negro,RN9F,RÍO NEGRO,2012-01-19,2012-01-19 00:00:00,3271175,NA,42,94.6,78,5,7.92,25.3
Río Negro,RN10,RÍO NEGRO,2012-01-19,2012-01-19 00:00:00,3271176,8,42,75.8,120,6,8.31,26.6
Río Negro,RN11,RÍO NEGRO,2012-01-24,2012-01-24 00:00:00,3271177,14.9,44,98,120,5,8.34,26.2
Río Negro,RN12,DURAZNO,2012-01-25,2012-01-25 00:00:00,3271178,6.5,53,118.5,140,NA,8.08,26.3
Río Negro,RN13,SORIANO,2012-01-25,2012-01-25 00:00:00,3271179,40.6,49,111.6,140,11,9.06,26.5
Río Negro,RN13F,RÍO NEGRO,2012-01-26,2012-01-26 00:00:00,3271180,NA,49,113.3,370,6,7.68,25.5
Río Negro,RN14,SORIANO,2012-01-26,2012-01-26 00:00:00,3271181,3.8,50,115.4,170,NA,7.7,24.5
Río Negro,RN15,SORIANO,2012-01-27,2012-01-27 00:00:00,3271182,25.3,52,112.9,120,11,8.67,24.9
Río Negro,RN16,SORIANO,2012-01-27,2012-01-27 00:00:00,3271183,26.5,52,113.2,130,15,8.68,25.5
Río Negro,RN17,SORIANO,2012-01-27,2012-01-27 00:00:00,3271184,10.2,52,112.6,130,9,7.97,26.2
Río Negro,RN1,CERRO LARGO,2012-03-20,2012-03-20 00:00:00,3271185,1.3,43.3,124.8,246,18,6.86,24.6
Río Negro,RN2,TACUAREMBÓ,2012-03-20,2012-03-20 00:00:00,3271186,0.1,36.2,94.8,216,8.8,6.74,25.3
Río Negro,RN3,TACUAREMBÓ,2012-03-20,2012-03-20 00:00:00,3271187,16,28.3,69.6,157,14,7.31,24.3
Río Negro,RN5,TACUAREMBÓ,2012-03-21,2012-03-21 00:00:00,3271188,10.2,37.6,89.1,114,6,7.583,24.6
Río Negro,RN5F,TACUAREMBÓ,2012-03-21,2012-03-21 00:00:00,3271189,NA,37.8,89.5,114,5,7.13,24.8
Río Negro,RN6,TACUAREMBÓ,2012-03-21,2012-03-21 00:00:00,3271190,1.6,37.3,88.6,105,NA,7.48,24.7
Río Negro,RN7,TACUAREMBÓ,2012-03-21,2012-03-21 00:00:00,3271191,0.9,37.8,88.7,107,NA,6.97,24.5
Río Negro,RN9,RÍO NEGRO,2012-03-22,2012-03-22 00:00:00,3271192,0.4,38.5,88.7,94.8,6,6.85,24.5
Río Negro,RN9F,RÍO NEGRO,2012-03-22,2012-03-22 00:00:00,3271193,NA,39.1,89.5,82.9,6,6.9,24.5
Río Negro,RN10,RÍO NEGRO,2012-03-22,2012-03-22 00:00:00,3271194,1.2,39,90.6,79.4,6,7.09,24.8
Río Negro,RN11,RÍO NEGRO,2012-03-27,2012-03-27 00:00:00,3271195,3,43.7,98.3,100,NA,6.68,22.4
Río Negro,RN12,DURAZNO,2012-03-27,2012-03-27 00:00:00,3271196,0.9,47.3,106.9,111,7,6.86,22.1
Río Negro,RN13,SORIANO,2012-03-28,2012-03-28 00:00:00,3271197,0.3,44.1,100.9,107,NA,7.34,23
Río Negro,RN13F,RÍO NEGRO,2012-03-28,2012-03-28 00:00:00,3271198,NA,44.6,101.4,108,NA,7.23,22.4
Río Negro,RN14,SORIANO,2012-03-28,2012-03-28 00:00:00,3271199,NA,45.2,85.6,115,NA,7.22,22.1
Río Negro,RN15,SORIANO,2012-03-29,2012-03-29 00:00:00,3271200,1.2,62.8,133.6,116,7,7.69,20.1
Río Negro,RN16,SORIANO,2012-03-29,2012-03-29 00:00:00,3271201,4,65,139.5,133,7,7.66,20.2
Río Negro,RN17,SORIANO,2012-03-29,2012-03-29 00:00:00,3271202,1.8,61.4,134,127,9,7.21,21.5
Río Negro,RN1,CERRO LARGO,2012-08-14,2012-08-14 00:00:00,3271203,0.7,44.5,146.4,194,27,7.37,15.4
Río Negro,RN2,TACUAREMBÓ,2012-08-14,2012-08-14 00:00:00,3271204,0.7,49.1,131.6,121,180,7.69,15.4
Río Negro,RN3,TACUAREMBÓ,2012-08-14,2012-08-14 00:00:00,3271205,0.4,30.9,86.9,114,NA,7.57,14.9
Río Negro,RN5,TACUAREMBÓ,2012-08-15,2012-08-15 00:00:00,3271206,13.3,36.8,89.8,110,NA,7.38,13.4
Río Negro,RN5F,TACUAREMBÓ,2012-08-15,2012-08-15 00:00:00,3271207,NA,36.7,89.8,73.6,NA,7.53,13.9
Río Negro,RN7,TACUAREMBÓ,2012-08-15,2012-08-15 00:00:00,3271209,1.2,39.2,94.1,80.8,NA,7.09,13.3
Río Negro,RN9,RÍO NEGRO,2012-08-16,2012-08-16 00:00:00,3271210,1.6,40.1,75,102,NA,7.75,14.7
Río Negro,RN9F,RÍO NEGRO,2012-08-16,2012-08-16 00:00:00,3271211,NA,39.4,76.6,92.1,NA,7.45,14.8
Río Negro,RN10,RÍO NEGRO,2012-08-16,2012-08-16 00:00:00,3271212,0.9,39.2,98,87.5,NA,7.61,16.1
Río Negro,RN11,RÍO NEGRO,2012-08-21,2012-08-21 00:00:00,3271213,0.9,41.9,97.6,97.1,NA,7.57,15
Río Negro,RN12,DURAZNO,2012-08-21,2012-08-21 00:00:00,3271214,0.9,32.8,83.6,176,59,7.05,15.9
Río Negro,RN13,SORIANO,2012-08-22,2012-08-22 00:00:00,3271215,1,46.1,106.5,110,NA,7.62,14.3
Río Negro,RN13F,RÍO NEGRO,2012-08-22,2012-08-22 00:00:00,3271216,NA,43.5,101.8,109,NA,7.77,14.2
Río Negro,RN14,SORIANO,2012-08-22,2012-08-22 00:00:00,3271217,2.7,49,111.2,137,34,7.69,15.1
Río Negro,RN17,SORIANO,2012-08-23,2012-08-23 00:00:00,3271218,1.6,43,81.2,159,84,7.24,15.7
Río Negro,RN1,CERRO LARGO,2012-12-05,2012-12-05 00:00:00,3271219,23.2,44,142.2,130,30,7.8,27.4
Río Negro,RN2,TACUAREMBÓ,2012-12-05,2012-12-05 00:00:00,3271220,16,43,108.2,77.9,23,8.2,27.4
Río Negro,RN5F,TACUAREMBÓ,2012-12-06,2012-12-06 00:00:00,3271223,NA,35,84.1,124,NA,7.84,25.8
Río Negro,RN6,TACUAREMBÓ,2012-12-06,2012-12-06 00:00:00,3271224,3,35,83,86.3,NA,7.54,24.3
Río Negro,RN7,TACUAREMBÓ,2012-12-06,2012-12-06 00:00:00,3271225,1.3,34,85,72.9,NA,7.49,24.2
Río Negro,RN9,RÍO NEGRO,2012-12-07,2012-12-07 00:00:00,3271226,3.7,36,88.2,78.2,5,7.14,25.1
Río Negro,RN9F,RÍO NEGRO,2012-12-07,2012-12-07 00:00:00,3271227,NA,36,88.4,88.5,6,7.1,24.9
Río Negro,RN10,RÍO NEGRO,2012-12-07,2012-12-07 00:00:00,3271228,5.8,36,88.1,93.6,7,7.48,24.4
Río Negro,RN11,RÍO NEGRO,2012-12-12,2012-12-12 00:00:00,3271229,36,45,114.1,151,10,7.5,26.5
Río Negro,RN12,DURAZNO,2012-12-12,2012-12-12 00:00:00,3271230,5.6,44,121.6,258,10,6.52,25.1
Río Negro,RN13,SORIANO,2012-12-13,2012-12-13 00:00:00,3271231,9.3,42,100.7,106,6,7.5,26.6
Río Negro,RN13F,RÍO NEGRO,2012-12-13,2012-12-13 00:00:00,3271232,NA,42,100.5,101,NA,7.51,24.8
Río Negro,RN14,SORIANO,2012-12-13,2012-12-13 00:00:00,3271233,0.6,42,99.9,93.1,15,7.4,24.6
Río Negro,RN15,SORIANO,2012-12-14,2012-12-14 00:00:00,3271234,2.1,54,123.5,120,10,7.24,24.2
Río Negro,RN16,SORIANO,2012-12-14,2012-12-14 00:00:00,3271235,7.4,59,119.5,145,14,7.18,24.2
Río Negro,RN17,SORIANO,2012-12-14,2012-12-14 00:00:00,3271236,1,53,126.3,156,12,7.11,24.9
Río Negro,RN1,CERRO LARGO,2013-02-19,2013-02-19 00:00:00,3271237,2.8,51,124.5,153,36,7.38,24.7
Río Negro,RN2,TACUAREMBÓ,2013-02-20,2013-02-20 00:00:00,3271238,0.7,39,91,126,18,7.14,23.9
Río Negro,RN3,TACUAREMBÓ,2013-02-20,2013-02-20 00:00:00,3271239,0.7,41,68.8,126,10,7.75,23.5
Río Negro,RN5,TACUAREMBÓ,2013-02-21,2013-02-21 00:00:00,3271240,2.7,37,82.4,90.8,5,7.57,23.9
Río Negro,RN5F,TACUAREMBÓ,2013-02-21,2013-02-21 00:00:00,3271241,NA,37,82,78.7,10,7.47,23.3
Río Negro,RN6,TACUAREMBÓ,2013-02-21,2013-02-21 00:00:00,3271242,5.5,37,82.5,83.8,5,7.73,24.3
Río Negro,RN7,TACUAREMBÓ,2013-02-21,2013-02-21 00:00:00,3271243,4.1,38,83.2,82,5,7.61,24.2
Río Negro,RN9,RÍO NEGRO,2013-02-21,2013-02-21 00:00:00,3271244,2.2,39,85.8,82.4,6,7.56,23.5
Río Negro,RN9F,RÍO NEGRO,2013-02-21,2013-02-21 00:00:00,3271245,NA,39,83,90.4,7,7.43,23.4
Río Negro,RN10,RÍO NEGRO,2013-02-21,2013-02-21 00:00:00,3271246,1.2,39,86.11,98.1,NA,7.48,24.1
Río Negro,RN11,RÍO NEGRO,2013-02-26,2013-02-26 00:00:00,3271247,2.5,43,86.7,125,NA,7.52,22.8
Río Negro,RN12,DURAZNO,2013-02-26,2013-02-26 00:00:00,3271248,1.8,50,98.6,138,7,7.5,22.7
Río Negro,RN13,SORIANO,2013-02-28,2013-02-28 00:00:00,3271249,25.3,49,100.9,89.5,8,7.55,23.8
Río Negro,RN13F,RÍO NEGRO,2013-02-28,2013-02-28 00:00:00,3271250,NA,50,100.9,92.3,NA,7.55,23.9
Río Negro,RN14,SORIANO,2013-02-28,2013-02-28 00:00:00,3271251,9.8,60,101.9,89.3,NA,7.68,24
Río Negro,RN15,SORIANO,2013-02-28,2013-02-28 00:00:00,3271252,6.5,64,130.1,138,7,7.71,23.2
Río Negro,RN16,SORIANO,2013-02-28,2013-02-28 00:00:00,3271253,4.3,70,147.6,129,6,7.8,23.2
Río Negro,RN17,SORIANO,2013-02-28,2013-02-28 00:00:00,3271254,18.8,66,126.9,131,10,8.05,23.1
Río Negro,RN1,CERRO LARGO,2013-07-03,2013-07-03 00:00:00,3271255,0.9,35,115.2,216,39,8.09,10.9
Río Negro,RN2,TACUAREMBÓ,2013-07-03,2013-07-03 00:00:00,3271256,0.6,43,114.5,162,33,8.15,11.7
Río Negro,RN3,TACUAREMBÓ,2013-07-03,2013-07-03 00:00:00,3271257,0.7,48,112.6,140,16,8.56,17.1
Río Negro,RN5,TACUAREMBÓ,2013-07-05,2013-07-05 00:00:00,3271258,0.9,35,81.7,120,NA,7.74,12.6
Río Negro,RN5F,TACUAREMBÓ,2013-07-05,2013-07-05 00:00:00,3271259,NA,35,81.6,123,NA,7.64,12.6
Río Negro,RN6,TACUAREMBÓ,2013-07-05,2013-07-05 00:00:00,3271260,1,34,81.8,121,NA,7.85,12.7
Río Negro,RN7,TACUAREMBÓ,2013-07-04,2013-07-04 00:00:00,3271261,0.3,36,82.5,137,NA,7.93,12.7
Río Negro,RN9,RÍO NEGRO,2013-07-04,2013-07-04 00:00:00,3271262,0.7,37,86.1,121,NA,8.03,12.4
Río Negro,RN9F,RÍO NEGRO,2013-07-04,2013-07-04 00:00:00,3271263,NA,39,86.2,122,NA,8.23,12.7
Río Negro,RN10,RÍO NEGRO,2013-07-04,2013-07-04 00:00:00,3271264,1.3,39,86.8,122,NA,7.9,12.7
Río Negro,RN11,RÍO NEGRO,2013-07-10,2013-07-10 00:00:00,3271265,0.1,41,92,118,NA,7.89,12.5
Río Negro,RN12,DURAZNO,2013-07-10,2013-07-10 00:00:00,3271266,0.3,68,156,213,13,7.51,13.8
Río Negro,RN13,SORIANO,2013-07-11,2013-07-11 00:00:00,3271267,3.7,42,94.8,143,NA,7.94,12.7
Río Negro,RN13F,RÍO NEGRO,2013-07-11,2013-07-11 00:00:00,3271268,NA,42,94.9,133,31,8.15,12.7
Río Negro,RN14,SORIANO,2013-07-11,2013-07-11 00:00:00,3271269,0.3,42,94.9,133,NA,7.82,12.6
Río Negro,RN15,SORIANO,2013-07-12,2013-07-12 00:00:00,3271270,0.6,59,126.9,130,9,7.97,12.8
Río Negro,RN16,SORIANO,2013-07-12,2013-07-12 00:00:00,3271271,0.6,62,133.9,121,7,7.86,12.8
Río Negro,RN17,SORIANO,2013-07-12,2013-07-12 00:00:00,3271272,4.9,54,119.9,129,NA,7.93,13
Río Negro,RN1,CERRO LARGO,2014-02-04,2014-02-04 00:00:00,3271273,0.7,27,61.5,NA,39,7.15,24.9
Río Negro,RN2,TACUAREMBÓ,2014-02-04,2014-02-04 00:00:00,3271274,0.4,30,69.6,NA,19,7.04,23.9
Río Negro,RN3,TACUAREMBÓ,2014-02-04,2014-02-04 00:00:00,3271275,1.2,40,97.9,NA,18,7.41,24.9
Río Negro,RN5,TACUAREMBÓ,2014-02-05,2014-02-05 00:00:00,3271276,1.6,34,72.8,NA,NA,7.89,25.3
Río Negro,RN5F,TACUAREMBÓ,2014-02-05,2014-02-05 00:00:00,3271277,NA,33,74.2,NA,NA,8.28,25.7
Río Negro,RN6,TACUAREMBÓ,2014-02-05,2014-02-05 00:00:00,3271278,0.6,34,75.1,NA,NA,7.97,25
Río Negro,RN7,TACUAREMBÓ,2014-02-05,2014-02-05 00:00:00,3271279,0.2,34,73.7,NA,NA,7.24,25
Río Negro,RN9,RÍO NEGRO,2014-02-06,2014-02-06 00:00:00,3271280,0.6,37,76.3,110,NA,6.55,24.2
Río Negro,RN9F,RÍO NEGRO,2014-02-06,2014-02-06 00:00:00,3271281,NA,36,72,830,NA,6.32,23.9
Río Negro,RN10,RÍO NEGRO,2014-02-06,2014-02-06 00:00:00,3271282,0.4,36,77.9,92,12,6.87,25.2
Río Negro,RN11,RÍO NEGRO,2014-02-11,2014-02-11 00:00:00,3271283,0.1,38,81.4,82,4,7.34,25.2
Río Negro,RN12,DURAZNO,2014-02-11,2014-02-11 00:00:00,3271284,0.2,38,83.2,170,10,6.76,24.6
Río Negro,RN13,SORIANO,2014-02-12,2014-02-12 00:00:00,3271285,8.4,37,80,183,5,7.07,24.8
Río Negro,RN13F,RÍO NEGRO,2014-02-12,2014-02-12 00:00:00,3271286,NA,36,79.9,167,4,7.26,24.8
Río Negro,RN14,SORIANO,2014-02-12,2014-02-12 00:00:00,3271287,1.3,36,79.1,174,18,7.45,25.5
Río Negro,RN16,SORIANO,2014-02-12,2014-02-12 00:00:00,3271288,0.3,41,88.3,199,7,6.88,24.6
Río Negro,RN17,SORIANO,2014-02-12,2014-02-12 00:00:00,3271289,NA,44,92.2,220,10,6.78,24.8
Río Negro,RN1,CERRO LARGO,2014-05-20,2014-05-20 00:00:00,3271290,0.4,45.2,76.6,120,26,7.49,13.8
Río Negro,RN2,TACUAREMBÓ,2014-05-20,2014-05-20 00:00:00,3271291,0.1,43.1,81.9,120,NA,7.53,16.3
Río Negro,RN3,TACUAREMBÓ,2014-05-20,2014-05-20 00:00:00,3271292,0.3,30.7,61.1,130,NA,7.82,17.2
Río Negro,RN5,TACUAREMBÓ,2014-05-22,2014-05-22 00:00:00,3271293,NA,31,62.9,170,NA,7.52,16.9
Río Negro,RN5F,TACUAREMBÓ,2014-05-22,2014-05-22 00:00:00,3271294,NA,32.2,63.2,120,NA,7.57,16.3
Río Negro,RN6,TACUAREMBÓ,2014-05-21,2014-05-21 00:00:00,3271295,0.3,34.1,63.7,110,NA,7.29,17.1
Río Negro,RN7,TACUAREMBÓ,2014-05-21,2014-05-21 00:00:00,3271296,NA,34,64.7,99,NA,7.27,17.1
Río Negro,RN9,RÍO NEGRO,2014-05-22,2014-05-22 00:00:00,3271297,0.4,38.5,68.4,210,NA,7.32,16.2
Río Negro,RN9F,RÍO NEGRO,2014-05-22,2014-05-22 00:00:00,3271298,NA,36.7,67.8,260,NA,7.77,16
Río Negro,RN10,RÍO NEGRO,2014-05-22,2014-05-22 00:00:00,3271299,NA,37.2,69.4,190,NA,7.67,16.4
Río Negro,RN11,RÍO NEGRO,2014-05-27,2014-05-27 00:00:00,3271300,2.5,38.3,68.7,170,NA,7.31,16
Río Negro,RN12,DURAZNO,2014-05-27,2014-05-27 00:00:00,3271301,5,63.3,103.1,160,3,6.98,15
Río Negro,RN13,SORIANO,2014-05-29,2014-05-29 00:00:00,3271302,2.8,39,72.3,130,3,7.04,16.1
Río Negro,RN13F,RÍO NEGRO,2014-05-28,2014-05-28 00:00:00,3271303,NA,40.2,72.2,130,3,7.49,15.9
Río Negro,RN14,SORIANO,2014-05-29,2014-05-29 00:00:00,3271304,1.2,39.4,88.1,190,5,7.09,15.9
Río Negro,RN15,SORIANO,2014-05-29,2014-05-29 00:00:00,3271305,0.7,54.6,92.1,150,4,7.31,15
Río Negro,RN16,SORIANO,2014-05-29,2014-05-29 00:00:00,3271306,0.6,51.6,85.1,160,3,7.39,15.2
Río Negro,RN17,SORIANO,2014-05-29,2014-05-29 00:00:00,3271307,1.6,51.1,86.6,200,19,7.96,15
Río Negro,RN1,CERRO LARGO,2014-07-29,2014-07-29 00:00:00,3271308,0.3,21.1,38.3,142,20,7.87,11.8
Río Negro,RN2,TACUAREMBÓ,2014-07-29,2014-07-29 00:00:00,3271309,NA,32.5,55.3,105,13,6.9,11.7
Río Negro,RN3,TACUAREMBÓ,2014-07-29,2014-07-29 00:00:00,3271310,0.1,32.6,61.5,104,NA,7.16,15.9
Río Negro,RN5,TACUAREMBÓ,2014-07-30,2014-07-30 00:00:00,3271311,0.3,33.6,59.8,126,NA,8.23,13.6
Río Negro,RN5F,TACUAREMBÓ,2014-07-30,2014-07-30 00:00:00,3271312,NA,33.9,59,93.8,NA,7.82,13.5
Río Negro,RN6,TACUAREMBÓ,2014-07-30,2014-07-30 00:00:00,3271313,0.3,34,58.6,96,NA,7.77,13.5
Río Negro,RN7,TACUAREMBÓ,2014-07-30,2014-07-30 00:00:00,3271314,NA,34.5,58.3,104,NA,7.72,12.7
Río Negro,RN9,RÍO NEGRO,2014-07-31,2014-07-31 00:00:00,3271315,0.1,37.7,58.2,118,NA,7.08,13.2
Río Negro,RN9F,RÍO NEGRO,2014-07-31,2014-07-31 00:00:00,3271316,NA,35.1,60.3,119,NA,7.19,13.7
Río Negro,RN10,RÍO NEGRO,2014-07-31,2014-07-31 00:00:00,3271317,0.1,36.9,61.2,115,16,7.57,13.7
Río Negro,RN11,RÍO NEGRO,2014-08-19,2014-08-19 00:00:00,3271318,NA,39,66.5,77.2,NA,7.86,14
Río Negro,RN12,DURAZNO,2014-08-19,2014-08-19 00:00:00,3271319,6.5,52.7,105,107,NA,8.1,15.1
Río Negro,RN13,SORIANO,2014-08-20,2014-08-20 00:00:00,3271320,NA,39.3,71.3,116,NA,7.75,15.7
Río Negro,RN13F,RÍO NEGRO,2014-08-20,2014-08-20 00:00:00,3271321,NA,39.4,69.7,106,3,7.61,15.2
Río Negro,RN14,SORIANO,2014-08-20,2014-08-20 00:00:00,3271322,0.1,40.1,714.5,108,3,7.78,15.2
Río Negro,RN15,SORIANO,2014-08-21,2014-08-21 00:00:00,3271323,NA,44.6,76.9,114,3,7.47,15.1
Río Negro,RN16,SORIANO,2014-08-21,2014-08-21 00:00:00,3271324,0.3,46.5,79.2,121,3,7.38,14.9
Río Negro,RN17,SORIANO,2014-08-21,2014-08-21 00:00:00,3271325,0.1,48.5,85.7,100,10,7.43,NA
Río Negro,RN1,CERRO LARGO,2014-11-25,2014-11-25 00:00:00,3271326,NA,34.9,95.7,169,49,7.66,23.9
Río Negro,RN2,TACUAREMBÓ,2014-11-25,2014-11-25 00:00:00,3271327,0.4,31.3,79.1,123,27,7.31,23.7
Río Negro,RN3,TACUAREMBÓ,2014-11-25,2014-11-25 00:00:00,3271328,0.1,29.9,64.1,129,NA,7.28,23.6
Río Negro,RN5,TACUAREMBÓ,2014-11-26,2014-11-26 00:00:00,3271329,9.3,36.3,70.6,82.1,NA,7.6,22.2
Río Negro,RN5F,TACUAREMBÓ,2014-11-26,2014-11-26 00:00:00,3271330,NA,33.4,70.7,87.2,NA,8.14,22.3
Río Negro,RN6,TACUAREMBÓ,2014-11-26,2014-11-26 00:00:00,3271331,2.5,1630,71.6,101,16,7.66,22.5
Río Negro,RN7,TACUAREMBÓ,2014-11-26,2014-11-26 00:00:00,3271332,0.6,33.7,71.2,87.2,NA,7.69,22.3
Río Negro,RN9,RÍO NEGRO,2014-11-27,2014-11-27 00:00:00,3271333,0.7,34.2,77.8,96.5,NA,7.57,22.5
Río Negro,RN9F,RÍO NEGRO,2014-11-27,2014-11-27 00:00:00,3271334,NA,35.2,77.8,92.2,NA,7.39,22.1
Río Negro,RN10,RÍO NEGRO,2014-11-27,2014-11-27 00:00:00,3271335,0.6,35.2,77.8,86.3,13,8.36,22.9
Río Negro,RN11,RÍO NEGRO,2014-12-03,2014-12-03 00:00:00,3271336,0.3,38.2,79.1,161,5,7.38,22.3
Río Negro,RN12,DURAZNO,2014-12-02,2014-12-02 00:00:00,3271337,NA,711,103.6,170,11,7.17,21.3
Río Negro,RN13,SORIANO,2014-12-03,2014-12-03 00:00:00,3271338,3.4,37.1,84.8,74.3,NA,7.44,22.7
Río Negro,RN13F,RÍO NEGRO,2014-12-03,2014-12-03 00:00:00,3271339,NA,38.2,85.3,125,3,7.58,22.3
Río Negro,RN14,SORIANO,2014-12-03,2014-12-03 00:00:00,3271340,0.3,37.6,88.3,142,5,7.43,22.7
Río Negro,RN15,SORIANO,2014-12-04,2014-12-04 00:00:00,3271341,1.5,41.3,91.8,154,9,7.67,22.3
Río Negro,RN16,SORIANO,2014-12-04,2014-12-04 00:00:00,3271342,1,41.7,92,130,9,7.68,22.3
Río Negro,RN17,SORIANO,2014-12-04,2014-12-04 00:00:00,3271343,0.7,39.8,93,163,10,6.97,22.7
Río Negro,RN1,CERRO LARGO,2015-03-17,2015-03-17 00:00:00,3271344,1.5,49,126.1,147,27,7.49,25.9
Río Negro,RN2,TACUAREMBÓ,2015-03-17,2015-03-17 00:00:00,3271345,0.1,37,94.8,102,NA,7.23,29.7
Río Negro,RN3,TACUAREMBÓ,2015-03-17,2015-03-17 00:00:00,3271346,0.4,43,105.6,104,NA,7.93,29.6
Río Negro,RN5,TACUAREMBÓ,2015-03-18,2015-03-18 00:00:00,3271347,4.3,37,79.2,136,NA,7.79,26.4
Río Negro,RN5F,TACUAREMBÓ,2015-03-18,2015-03-18 00:00:00,3271348,NA,37,79.3,55,NA,8.19,26.5
Río Negro,RN6,TACUAREMBÓ,2015-03-18,2015-03-18 00:00:00,3271349,2.7,36,79,67,NA,7.91,26.5
Río Negro,RN7,TACUAREMBÓ,2015-03-18,2015-03-18 00:00:00,3271350,3,36,79.4,43,NA,7.81,26.2
Río Negro,RN9,RÍO NEGRO,2015-03-19,2015-03-19 00:00:00,3271351,5.3,36,81.1,62,12,7.44,25.9
Río Negro,RN9F,RÍO NEGRO,2015-03-19,2015-03-19 00:00:00,3271352,NA,36,81.9,110,11,7.76,26.1
Río Negro,RN10,RÍO NEGRO,2015-03-19,2015-03-19 00:00:00,3271353,1.3,36,82.9,123,12,7.82,26.5
Río Negro,RN11,RÍO NEGRO,2015-03-24,2015-03-24 00:00:00,3271354,2.1,41,84.7,84,9,6.81,24
Río Negro,RN12,DURAZNO,2015-03-24,2015-03-24 00:00:00,3271355,3.3,53,110.4,103,6,7.16,23.8
Río Negro,RN13,SORIANO,2015-03-25,2015-03-25 00:00:00,3271356,0.1,41,91.2,130,5,6.55,23.9
Río Negro,RN13F,RÍO NEGRO,2015-03-25,2015-03-25 00:00:00,3271357,NA,41,93.7,111,5,6.66,21.5
Río Negro,RN14,SORIANO,2015-03-25,2015-03-25 00:00:00,3271358,1.9,42,92.8,122,5,6.65,24.1
Río Negro,RN15,SORIANO,2015-03-26,2015-03-26 00:00:00,3271359,1.3,44,95.9,79,NA,7.54,23
Río Negro,RN16,SORIANO,2015-03-26,2015-03-26 00:00:00,3271360,1.6,44,96.4,88,5,7.27,23
Río Negro,RN17,SORIANO,2015-03-26,2015-03-26 00:00:00,3271361,0.7,46,101.9,112,5,7.25,22.8
Río Negro,RN1,CERRO LARGO,2015-09-01,2015-09-01 00:00:00,3271390,0.6,34,87.9,120,35,6.09,16.6
Río Negro,RN2,TACUAREMBÓ,2015-09-01,2015-09-01 00:00:00,3271391,3.1,27,68.9,NA,15,6.82,16.4
Río Negro,RN3,TACUAREMBÓ,2015-09-01,2015-09-01 00:00:00,3271392,1,24,63.9,76,15,6.85,17
Río Negro,RN5,TACUAREMBÓ,2015-09-02,2015-09-02 00:00:00,3271393,0.9,37,90.8,91,NA,6.84,15.4
Río Negro,RN5F,TACUAREMBÓ,2015-09-02,2015-09-02 00:00:00,3271394,NA,36,91.3,89,NA,6.9,15.3
Río Negro,RN6,TACUAREMBÓ,2015-09-02,2015-09-02 00:00:00,3271395,NA,36,91.2,93,NA,7.12,15.5
Río Negro,RN7,TACUAREMBÓ,2015-09-02,2015-09-02 00:00:00,3271396,0.3,36,91.1,88,NA,6.95,15.5
Río Negro,RN9,RÍO NEGRO,2015-09-03,2015-09-03 00:00:00,3271397,0.6,37,91.9,86,NA,6.68,15.5
Río Negro,RN9F,RÍO NEGRO,2015-09-03,2015-09-03 00:00:00,3271398,NA,37,93.7,85,NA,7.06,15.4
Río Negro,RN10,RÍO NEGRO,2015-09-03,2015-09-03 00:00:00,3271399,0.9,37,92.9,130,23,7.31,16.2
Río Negro,RN11,RÍO NEGRO,2015-09-08,2015-09-08 00:00:00,3271400,0.4,40,85.2,81,NA,7.85,16.1
Río Negro,RN12,DURAZNO,2015-09-08,2015-09-08 00:00:00,3271401,0.4,63,149.8,120,NA,7.78,16.6
Río Negro,RN13,SORIANO,2015-09-09,2015-09-09 00:00:00,3271402,0.7,34,84.5,120,NA,7.53,16.1
Río Negro,RN13F,RÍO NEGRO,2015-09-09,2015-09-09 00:00:00,3271403,NA,33,84.9,100,NA,8.16,15.8
Río Negro,RN14,SORIANO,2015-09-09,2015-09-09 00:00:00,3271404,0.3,33,84.3,100,NA,7.99,15.9
Río Negro,RN15,SORIANO,2015-09-10,2015-09-10 00:00:00,3271405,NA,40,94.9,100,NA,7.92,15.2
Río Negro,RN16,SORIANO,2015-09-10,2015-09-10 00:00:00,3271406,0.6,40,94.1,120,NA,8.04,15.2
Río Negro,RN17,SORIANO,2015-09-10,2015-09-10 00:00:00,3271407,0.3,37,93.3,110,NA,8.08,15.5
Río Negro,RN1,CERRO LARGO,2015-12-01,2015-12-01 00:00:00,3271408,6.1,38,91.4,140,67,7.02,22.5
Río Negro,RN2,TACUAREMBÓ,2015-12-01,2015-12-01 00:00:00,3271409,5.8,34,84.6,81,13,7.13,24.2
Río Negro,RN3,TACUAREMBÓ,2015-12-01,2015-12-01 00:00:00,3271410,13,28,67.1,120,13,7.22,23.4
Río Negro,RN5,TACUAREMBÓ,2015-12-02,2015-12-02 00:00:00,3271411,2.4,30,69.4,85,NA,7.46,23
Río Negro,RN5F,TACUAREMBÓ,2015-12-02,2015-12-02 00:00:00,3271412,NA,30,69.9,80,NA,7.44,23.1
Río Negro,RN6,TACUAREMBÓ,2015-12-02,2015-12-02 00:00:00,3271413,0.4,29,69.8,90,NA,7.54,22.3
Río Negro,RN7,TACUAREMBÓ,2015-12-02,2015-12-02 00:00:00,3271414,0.7,30,68.8,130,NA,7.41,21.7
Río Negro,RN9,RÍO NEGRO,2015-12-03,2015-12-03 00:00:00,3271415,0.9,30,70.3,120,NA,7.37,22
Río Negro,RN9F,RÍO NEGRO,2015-12-03,2015-12-03 00:00:00,3271416,NA,31,72.6,89,NA,7.65,22.9
Río Negro,RN10,RÍO NEGRO,2015-12-03,2015-12-03 00:00:00,3271417,0.6,31,73.2,94,NA,7.52,23.2
Río Negro,RN11,RÍO NEGRO,2015-12-08,2015-12-08 00:00:00,3271418,0.6,34,76.9,96,NA,7.05,22.6
Río Negro,RN12,DURAZNO,2015-12-08,2015-12-08 00:00:00,3271419,3.8,45,103.3,110,NA,7.31,23.5
Río Negro,RN13,SORIANO,2015-12-10,2015-12-10 00:00:00,3271420,6.2,34,81.8,83,NA,7.66,24.6
Río Negro,RN13F,RÍO NEGRO,2015-12-10,2015-12-10 00:00:00,3271421,NA,33,82.9,110,NA,7.63,23.9
Río Negro,RN14,SORIANO,2015-12-10,2015-12-10 00:00:00,3271422,1,33,79.4,99,NA,7.22,22.9
Río Negro,RN15,SORIANO,2015-12-10,2015-12-10 00:00:00,3271423,1.3,37,89.3,100,NA,7.2,24.2
Río Negro,RN16,SORIANO,2015-12-10,2015-12-10 00:00:00,3271424,2.2,43,99.1,100,NA,7.24,24
Río Negro,RN17,SORIANO,2015-12-10,2015-12-10 00:00:00,3271425,13,43,103.7,110,NA,7.59,25.6
Rio Uruguay,RU0,RÍO NEGRO,2015-10-20,2015-10-20 00:00:00,3277848,NA,NA,55,68,22,7.18,20.4
Rio Uruguay,RU0,RÍO NEGRO,2016-01-26,2016-01-26 00:00:00,3277865,NA,NA,58.7,240,3,6.58,29.8
Rio Uruguay,RU0,RÍO NEGRO,2016-03-08,2016-03-08 00:00:00,3277882,NA,NA,75.7,140,2,7.7,28.9
Rio Uruguay,RU0,RÍO NEGRO,2016-05-03,2016-05-03 00:00:00,3277899,NA,NA,67.2,77,10,7.32,14.6
Rio Uruguay,RU0,RÍO NEGRO,2016-07-05,2016-07-05 00:00:00,3277916,NA,NA,63.7,82,18,7.15,13
Rio Uruguay,RU9,RÍO NEGRO,2016-09-09,2016-09-09 00:00:00,3277941,0.6,38,75.6,NA,4,7.67,12.8
Rio Uruguay,RU10,RÍO NEGRO,2016-09-09,2016-09-09 00:00:00,3277942,1.2,35,71.7,NA,4,7.74,13
Rio Uruguay,RU11,RÍO NEGRO,2016-09-09,2016-09-09 00:00:00,3277943,0.6,33,67.6,NA,4,7.7,13.5
Rio Uruguay,RU12,RÍO NEGRO,2016-09-09,2016-09-09 00:00:00,3277944,0.4,33,69.3,NA,6,7.82,13.7
Rio Uruguay,RU13,RÍO NEGRO,2016-09-09,2016-09-09 00:00:00,3277945,0.4,35,68.2,NA,3,7.92,13.9
Rio Uruguay,RU14,RÍO NEGRO,2016-09-09,2016-09-09 00:00:00,3277946,0.4,36,69.7,NA,4,7.86,13.2
Rio Uruguay,RU15,RÍO NEGRO,2016-09-09,2016-09-09 00:00:00,3277947,0.4,30,63.7,NA,9,7.85,13.8
Rio Uruguay,RU16,RÍO NEGRO,2016-09-09,2016-09-09 00:00:00,3277948,0.4,37,77,NA,10,8.02,13.5
Rio Uruguay,RU0,RÍO NEGRO,2016-11-08,2016-11-08 00:00:00,3277949,NA,NA,NA,75,12,NA,NA
Rio Uruguay,RU0,RÍO NEGRO,2014-07-22,2014-07-22 00:00:00,3277966,NA,NA,54.3,70,10,6.8,17.2
Rio Uruguay,RU0,RÍO NEGRO,2014-10-21,2014-10-21 00:00:00,3277983,NA,NA,55,90,10,7.18,20.4
Rio Uruguay,RU0,RÍO NEGRO,2014-12-16,2014-12-16 00:00:00,3278000,NA,NA,70.2,56,7,7.66,26
Rio Uruguay,RU0,RÍO NEGRO,2015-02-24,2015-02-24 00:00:00,3278017,NA,NA,58.3,52,NA,7.38,27.8
Rio Uruguay,RU0,RÍO NEGRO,2015-04-20,2015-04-20 00:00:00,3278034,NA,NA,59.4,69,3,7.09,19.7
Rio Uruguay,RU1,RÍO NEGRO,2015-04-20,2015-04-20 00:00:00,3278035,NA,NA,58,68,3,6.69,18.5
Rio Uruguay,RU2,RÍO NEGRO,2015-04-20,2015-04-20 00:00:00,3278036,NA,NA,58,70,3,7.41,18.2
Rio Uruguay,RU13,RÍO NEGRO,2015-04-21,2015-04-21 00:00:00,3278047,23.8,28,64.2,84,5,7.13,19.5
Rio Uruguay,RU14,RÍO NEGRO,2015-04-21,2015-04-21 00:00:00,3278048,5.5,29,66.6,69,2,7.63,19.1
Rio Uruguay,RU15,RÍO NEGRO,2015-04-21,2015-04-21 00:00:00,3278049,4.6,27,57,68,3,7.34,18.9
Rio Uruguay,RU16,RÍO NEGRO,2015-04-21,2015-04-21 00:00:00,3278050,19.2,30,63.5,74,2,7.22,18.7
Rio Uruguay,RU0,RÍO NEGRO,2015-06-23,2015-06-23 00:00:00,3278051,NA,NA,59.4,71,3,6.84,15.2
Rio Uruguay,RU0,RÍO NEGRO,2015-08-18,2015-08-18 00:00:00,3278068,NA,NA,54.3,140,26,6.8,17.2
Rio Uruguay,RU0,RÍO NEGRO,2017-01-16,2017-01-16 13:40:00,3286993,NA,NA,61.1,68,9,7.06,27.6
Rio Uruguay,RU13,RÍO NEGRO,2017-01-18,2017-01-18 10:10:00,3287006,1.3,23,66.2,73,5,7,27.8
Rio Uruguay,RU14,RÍO NEGRO,2017-01-18,2017-01-18 11:31:00,3287007,1.5,26,71.3,770,8,7.25,28.4
Rio Uruguay,RU0,RÍO NEGRO,2017-03-06,2017-03-06 14:15:00,3287016,NA,NA,68,48,NA,7.25,28.6
Rio Uruguay,RU1,RÍO NEGRO,2017-03-07,2017-03-07 10:25:00,3287017,NA,24,65.9,65,NA,6.96,26.7
Rio Uruguay,RU1F,RÍO NEGRO,2017-03-07,2017-03-07 10:32:00,3287018,NA,25,66.3,68,NA,7.21,26.8
Rio Uruguay,RU2,RÍO NEGRO,2017-03-07,2017-03-07 10:53:00,3287019,1.3,25,67.4,71,NA,7.48,26.8
Rio Uruguay,RU3,RÍO NEGRO,2017-03-07,2017-03-07 11:31:00,3287020,1.3,25,66.3,57,NA,7.32,26.9
Rio Uruguay,RU3F,RÍO NEGRO,2017-03-07,2017-03-07 11:40:00,3287021,NA,25,68.7,66,NA,6.94,27.3
Rio Uruguay,RU4,RÍO NEGRO,2017-03-07,2017-03-07 12:06:00,3287022,10.2,28,67,57,12,7.76,26.2
Rio Uruguay,RU5,RÍO NEGRO,2017-03-07,2017-03-07 12:36:00,3287023,5.8,24,66.7,66,NA,7.42,27.8
Rio Uruguay,RU5F,RÍO NEGRO,2017-03-07,2017-03-07 12:43:00,3287024,NA,24,67.2,68,NA,6.85,27.6
Rio Uruguay,RU6,RÍO NEGRO,2017-03-07,2017-03-07 12:57:00,3287025,NA,24,67.2,66,NA,7.37,27.7
Rio Uruguay,RU7,RÍO NEGRO,2017-03-07,2017-03-07 13:36:00,3287026,0.4,24,66.8,64,NA,7.31,27.7
Rio Uruguay,RU7F,RÍO NEGRO,2017-03-07,2017-03-07 13:53:00,3287027,NA,24,70.2,67,NA,6.77,27.8
Rio Uruguay,RU8,RÍO NEGRO,2017-03-07,2017-03-07 13:56:00,3287028,4.4,23,67.9,63,NA,7.41,28
Rio Uruguay,RU12F,RÍO NEGRO,2017-03-08,2017-03-08 10:48:00,3287033,NA,25,70.1,70,6,7.34,26.2
Rio Uruguay,RU15F,RÍO NEGRO,2017-03-08,2017-03-08 12:54:00,3287037,NA,25,66.7,81,6,7.03,26.9
Rio Uruguay,RU0,RÍO NEGRO,2017-07-24,2017-07-24 13:49:00,3287039,NA,NA,51.6,89,NA,7.35,15.3
Rio Uruguay,RU1F,RÍO NEGRO,2017-07-25,2017-07-25 11:01:00,3287041,NA,27,53.6,84,NA,7.73,14.9
Rio Uruguay,RU3F,RÍO NEGRO,2017-07-25,2017-07-25 12:40:00,3287044,NA,29,56.7,84,NA,7.43,14.1
Rio Uruguay,RU5F,RÍO NEGRO,2017-07-25,2017-07-25 13:49:00,3287047,NA,28,54.6,87,NA,7.46,14.8
Rio Uruguay,RU7F,RÍO NEGRO,2017-07-25,2017-07-25 15:15:00,3287050,NA,28,60.8,84,NA,7.33,14.9
Rio Uruguay,RU12F,RÍO NEGRO,2017-07-26,2017-07-26 11:18:00,3287056,NA,28,58.3,90,NA,7.62,15.9
Rio Uruguay,RU0,RÍO NEGRO,2017-11-06,2017-11-06 15:15:00,3287062,NA,NA,57.9,86,6,6.96,22.4
Rio Uruguay,RU0,RÍO NEGRO,2018-01-08,2018-01-08 13:25:00,3287079,NA,NA,78.9,83,6,8.88,NA
Rio Uruguay,RU1F,RÍO NEGRO,2018-01-09,2018-01-09 08:15:00,3287081,NA,29,75.6,65,7,7.26,NA
Rio Uruguay,RU3F,RÍO NEGRO,2018-01-09,2018-01-09 09:10:00,3287084,NA,29,76.1,61,NA,7.11,NA
Rio Uruguay,RU5F,RÍO NEGRO,2018-01-09,2018-01-09 10:00:00,3287086,NA,29,75.9,56,5,7.89,NA
Rio Uruguay,RU7F,RÍO NEGRO,2018-01-09,2018-01-09 10:53:00,3287089,NA,29,81.2,57,NA,7.93,NA
Rio Uruguay,RU12F,RÍO NEGRO,2018-01-10,2018-01-10 09:15:00,3287095,NA,29,77.3,130,6,7.1,NA
Rio Uruguay,RU15F,RÍO NEGRO,2018-01-10,2018-01-10 10:55:00,3287099,NA,29,80,45,10,7.23,NA
Rio Uruguay,RU0,RÍO NEGRO,2018-03-05,2018-03-05 15:30:00,3288277,NA,NA,81.9,100,NA,7.15,27.6
Rio Uruguay,RU1F,RÍO NEGRO,2018-03-06,2018-03-06 08:40:00,3288279,NA,23,80.5,93,NA,7.57,25.6
Rio Uruguay,RU3F,RÍO NEGRO,2018-03-06,2018-03-06 09:45:00,3288282,NA,23,84.2,81,5,7.66,25.9
Rio Uruguay,RU5F,RÍO NEGRO,2018-03-06,2018-03-06 10:44:00,3288285,NA,23,82.7,100,NA,7.64,26.1
Rio Uruguay,RU7F,RÍO NEGRO,2018-03-06,2018-03-06 11:44:00,3288288,NA,23,84.1,120,NA,7.6,25
Rio Uruguay,RU12F,RÍO NEGRO,2018-03-07,2018-03-07 09:35:00,3288294,NA,27,85.2,110,NA,7.71,25.4
Rio Uruguay,RU15F,RÍO NEGRO,2018-03-07,2018-03-07 12:15:00,3288298,NA,22,82.4,90,NA,7.71,26.2
Rio Uruguay,RU0,RÍO NEGRO,2018-05-07,2018-05-07 14:20:00,3288410,NA,NA,77.8,120,21,6.37,21.3
Rio Uruguay,RU1F,RÍO NEGRO,2018-05-08,2018-05-08 09:35:00,3288412,NA,30,82.4,120,24,6.47,21.4
Rio Uruguay,RU3F,RÍO NEGRO,2018-05-08,2018-05-08 10:35:00,3288415,NA,33,90.5,120,8,7.16,21.2
Rio Uruguay,RU5F,RÍO NEGRO,2018-05-08,2018-05-08 11:20:00,3288418,NA,31,84.9,130,22,7.29,21.2
Rio Uruguay,RU7F,RÍO NEGRO,2018-05-08,2018-05-08 12:10:00,3288421,NA,33,108.7,130,11,7.36,21.3
Rio Uruguay,RU12F,RÍO NEGRO,2018-05-09,2018-05-09 09:40:00,3288427,NA,28,76.8,120,50,7.13,21.3
Rio Uruguay,RU15F,RÍO NEGRO,2018-05-09,2018-05-09 11:15:00,3288431,NA,27,76.2,130,22,7.09,21.5
Río Negro,RN0,CERRO LARGO,2018-07-02,2018-07-02 15:16:00,3289506,NA,49,120.7,280,87,NA,16
Río Negro,RN1,CERRO LARGO,2018-07-03,2018-07-03 09:15:00,3289507,NA,23,52.3,130,72,6.92,13.5
Río Negro,RN10,RÍO NEGRO,2018-07-05,2018-07-05 12:27:00,3289508,NA,43,75.1,110,NA,7.72,11.6
Río Negro,RN11,RÍO NEGRO,2018-07-10,2018-07-10 10:45:00,3289509,NA,40,69.5,140,NA,7.53,11.3
Río Negro,RN12,DURAZNO,2018-07-10,2018-07-10 11:00:00,3289510,NA,75,132.5,150,NA,7.54,10.9
Río Negro,RN13,SORIANO,2018-07-10,2018-07-10 13:07:00,3289511,NA,50,85.2,120,NA,7.48,11.7
Río Negro,RN14,SORIANO,2018-07-10,2018-07-10 12:35:00,3289512,NA,50,85.1,120,NA,7.74,11.7
Río Negro,RN15,SORIANO,2018-07-11,2018-07-11 10:15:00,3289513,NA,57,93.4,120,9,7.62,11.2
Río Negro,RN16,SORIANO,2018-07-11,2018-07-11 10:30:00,3289514,NA,58,94.3,130,11,7.55,11.1
Río Negro,RN17,SORIANO,2018-07-11,2018-07-11 12:07:00,3289515,NA,79,132.4,120,5,7.83,12.8
Río Negro,RN2,TACUAREMBÓ,2018-07-03,2018-07-03 11:26:00,3289516,NA,27,51.2,100,81,7.59,14
Río Negro,RN3,TACUAREMBÓ,2018-07-03,2018-07-03 13:30:00,3289517,NA,46,82.6,100,39,7.62,13.6
Río Negro,RN6,TACUAREMBÓ,2018-07-04,2018-07-04 10:06:00,3289518,NA,37,72.5,110,NA,7.27,12.4
Río Negro,RN7,TACUAREMBÓ,2018-07-04,2018-07-04 11:49:00,3289519,NA,37,68.2,110,NA,7.3,11.6
Río Negro,RN9,RÍO NEGRO,2018-07-05,2018-07-05 10:38:00,3289520,NA,44,73.5,110,NA,7.21,11.7
Río Negro,RN9F,RÍO NEGRO,2018-07-05,2018-07-05 11:10:00,3289521,NA,44,74,110,NA,7.57,11.6
Río Negro,RN1,CERRO LARGO,2015-06-02,2015-06-02 09:30:00,3289582,2.1,57,137.4,180,19,7.37,13.1
Río Negro,RN10,RÍO NEGRO,2015-06-05,2015-06-05 11:39:00,3289583,1.8,42,80.5,67,NA,8.12,18.2
Río Negro,RN11,RÍO NEGRO,2015-06-09,2015-06-09 10:51:00,3289584,1,43,80.8,77,NA,7.72,17.2
Río Negro,RN12,DURAZNO,2015-06-09,2015-06-09 10:51:00,3289585,1.3,50,95.6,87,NA,7.41,17.1
Río Negro,RN13,SORIANO,2015-06-10,2015-06-10 10:29:00,3289586,2.2,43,81.9,83,6,7.21,17.7
Río Negro,RN13F,RÍO NEGRO,2015-06-10,2015-06-10 10:29:00,3289587,NA,43,81.9,75,8,7.29,17.6
Río Negro,RN14,SORIANO,2015-06-10,2015-06-10 10:29:00,3289588,0.5,44,82.4,73,NA,7.42,17.9
Río Negro,RN15,SORIANO,2015-06-12,2015-06-12 10:18:00,3289589,1.9,48,87.6,93,6,7.12,16.7
Río Negro,RN16,SORIANO,2015-06-12,2015-06-12 10:18:00,3289590,1.9,51,93.7,93,5,7.18,16.8
Río Negro,RN17,SORIANO,2015-06-12,2015-06-12 10:18:00,3289591,12.7,110,198.4,96,7,7.79,16.9
Río Negro,RN2,TACUAREMBÓ,2015-06-02,2015-06-02 09:30:00,3289592,1.2,56,131.8,120,17,7.96,16.8
Río Negro,RN3,TACUAREMBÓ,2015-06-02,2015-06-02 09:30:00,3289593,8,50,101.9,110,NA,8.62,20
Río Negro,RN5,TACUAREMBÓ,2015-06-03,2015-06-03 10:39:00,3289594,1.6,38,71.2,79,NA,7.34,17
Río Negro,RN5F,TACUAREMBÓ,2015-06-03,2015-06-03 10:39:00,3289595,NA,37,71.6,78,NA,7.48,17.2
Río Negro,RN6,TACUAREMBÓ,2015-06-03,2015-06-03 10:39:00,3289596,0.3,37,72.7,78,NA,7.23,17
Río Negro,RN7,TACUAREMBÓ,2015-06-03,2015-06-03 10:39:00,3289597,0.9,41,78.1,81,NA,7.07,17
Río Negro,RN9,RÍO NEGRO,2015-06-05,2015-06-05 11:39:00,3289598,NA,41,76.3,76,NA,7.76,17.1
Río Negro,RN9F,RÍO NEGRO,2015-06-05,2015-06-05 11:39:00,3289599,NA,41,77.7,84,NA,7.81,17.4
Río Negro,RN1,CERRO LARGO,2016-02-23,2016-02-23 09:33:00,3289887,10.8,44,118.2,190,46,7.99,27.5
Río Negro,RN10,RÍO NEGRO,2016-02-25,2016-02-25 11:30:00,3289888,2.1,36,82.1,130,NA,7.9,28
Río Negro,RN11,RÍO NEGRO,2016-03-01,2016-03-01 10:09:00,3289889,1.5,36,73.5,110,NA,7.38,26.1
Río Negro,RN12,DURAZNO,2016-03-02,2016-03-02 10:20:00,3289890,3.6,44,91.6,200,7,7.53,24.7
Río Negro,RN13,SORIANO,2016-03-02,2016-03-02 13:14:00,3289891,3.3,37,78.7,150,NA,7.47,25.7
Río Negro,RN13F,RÍO NEGRO,2016-03-02,2016-03-02 13:01:00,3289892,NA,37,79.4,150,5,7.56,25.7
Río Negro,RN14,SORIANO,2016-03-01,2016-03-01 16:15:00,3289893,5.8,37,79.5,140,NA,7.32,26.2
Río Negro,RN15,SORIANO,2016-03-03,2016-03-03 09:35:00,3289894,4,44,89.4,180,8,7.43,25
Río Negro,RN16,SORIANO,2016-03-03,2016-03-03 10:01:00,3289895,4.9,43,89.4,160,8,7.56,25
Río Negro,RN17,SORIANO,2016-03-03,2016-03-03 12:00:00,3289896,5.2,43,90.5,160,NA,7.5,25.2
Río Negro,RN2,TACUAREMBÓ,2016-02-23,2016-02-23 11:58:00,3289897,9.6,49,114.9,150,22,7.75,28.6
Río Negro,RN3,TACUAREMBÓ,2016-02-23,2016-02-23 14:43:00,3289898,1.8,29,69.8,130,NA,7.85,29.8
Río Negro,RN5,TACUAREMBÓ,2016-02-24,2016-02-24 11:50:00,3289899,40.4,32,72.5,93,19,8.93,28.2
Río Negro,RN5F,TACUAREMBÓ,2016-02-24,2016-02-24 12:13:00,3289900,NA,32,73.1,100,NA,8.16,28.8
Río Negro,RN6,TACUAREMBÓ,2016-02-24,2016-02-24 09:33:00,3289901,6.5,32,70.6,94,NA,7.51,26.9
Río Negro,RN7,TACUAREMBÓ,2016-02-24,2016-02-24 10:22:00,3289902,3.1,31,71.4,96,NA,7.77,27.1
Río Negro,RN9,RÍO NEGRO,2016-02-25,2016-02-25 10:20:00,3289903,9,35,74.1,120,NA,7.52,27.6
Río Negro,RN9F,RÍO NEGRO,2016-02-25,2016-02-25 10:46:00,3289904,NA,35,76.3,120,NA,7.86,28.2
Río Negro,RN1,CERRO LARGO,2016-05-24,2016-05-24 09:10:00,3289905,1.3,23,71,120,21.6,6.81,11
Río Negro,RN10,RÍO NEGRO,2016-05-26,2016-05-26 11:42:00,3289906,1.3,26,63.1,84,9.2,7.07,14.3
Río Negro,RN11,RÍO NEGRO,2016-05-31,2016-05-31 10:09:00,3289907,0.3,29,65.1,84,NA,6.78,14.2
Río Negro,RN12,DURAZNO,2016-05-31,2016-05-31 10:28:00,3289908,0.7,100,221,140,NA,7.05,13.4
Río Negro,RN13,SORIANO,2016-06-01,2016-06-01 13:00:00,3289909,0.6,30,70.9,89,NA,7.06,14.2
Río Negro,RN13F,RÍO NEGRO,2016-06-01,2016-06-01 13:20:00,3289910,NA,31,71.2,89,NA,7.48,14.4
Río Negro,RN14,SORIANO,2016-06-01,2016-06-01 14:19:00,3289911,0.3,32,71.9,89,NA,7.35,14.3
Río Negro,RN15,SORIANO,2016-06-02,2016-06-02 09:35:00,3289912,0.3,37,83.2,93,NA,7.08,13.7
Río Negro,RN16,SORIANO,2016-06-02,2016-06-02 09:52:00,3289913,NA,38,85.7,94,NA,7.45,13.6
Río Negro,RN17,SORIANO,2016-06-02,2016-06-02 11:27:00,3289914,NA,38,86.2,100,11,7.35,13.3
Río Negro,RN2,TACUAREMBÓ,2016-05-24,2016-05-24 12:58:00,3289915,1,31,77.3,91,9.4,7.61,13.2
Río Negro,RN3,TACUAREMBÓ,2016-05-24,2016-05-24 14:10:00,3289916,2.2,36,77.8,100,4.6,6.99,14.9
Río Negro,RN5,TACUAREMBÓ,2016-05-25,2016-05-25 09:46:00,3289917,0.3,27,57.9,80,NA,7.06,14.1
Río Negro,RN5F,TACUAREMBÓ,2016-05-25,2016-05-25 09:38:00,3289918,NA,24,58.5,85,NA,7.08,13.7
Río Negro,RN6,TACUAREMBÓ,2016-05-25,2016-05-25 10:52:00,3289919,0.1,24,58.9,100,7.2,7.23,14.2
Río Negro,RN7,TACUAREMBÓ,2016-05-25,2016-05-25 12:08:00,3289920,0.3,24,58.4,83,NA,7.15,14.3
Río Negro,RN9,RÍO NEGRO,2016-05-26,2016-05-26 11:00:00,3289921,0.3,27,62.5,85,NA,7.24,14.1
Río Negro,RN9F,RÍO NEGRO,2016-05-26,2016-05-26 10:49:00,3289922,NA,27,62.7,85,3,7.36,14.1
Río Negro,RN1,CERRO LARGO,2016-09-20,2016-09-20 09:40:00,3289923,1.6,36,82,76,49,7.81,15.6
Río Negro,RN10,RÍO NEGRO,2016-09-22,2016-09-22 11:10:00,3289924,0.1,29,63.6,40,14,7.72,15.7
Río Negro,RN11,RÍO NEGRO,2016-09-27,2016-09-27 09:21:00,3289925,0.7,30,64.8,52,NA,7.57,15.8
Río Negro,RN12,DURAZNO,2016-09-27,2016-09-27 11:26:00,3289926,3.8,42,89.8,72,NA,7.56,17.1
Río Negro,RN13,SORIANO,2016-09-28,2016-09-28 10:16:00,3289927,1,37,83.5,67,NA,7.62,18.9
Río Negro,RN13F,RÍO NEGRO,2016-09-28,2016-09-28 10:32:00,3289928,NA,36,82.2,68,NA,7.67,17.2
Río Negro,RN14,SORIANO,2016-09-28,2016-09-28 11:22:00,3289929,0.3,38,78.5,62,5,7.65,16
Río Negro,RN15,SORIANO,2016-09-29,2016-09-29 09:26:00,3289930,0.4,42,86,63,NA,7.59,15.6
Río Negro,RN16,SORIANO,2016-09-29,2016-09-29 09:48:00,3289931,0.6,43,87.5,65,NA,7.47,15.9
Río Negro,RN17,SORIANO,2016-09-29,2016-09-29 11:28:00,3289932,1.5,45,92.3,56,NA,7.67,16.5
Río Negro,RN2,TACUAREMBÓ,2016-09-20,2016-09-20 12:10:00,3289933,1.8,35,80.9,42,18,8.23,17.8
Río Negro,RN3,TACUAREMBÓ,2016-09-20,2016-09-20 14:12:00,3289934,1.8,35,74.2,40,NA,7.33,19.7
Río Negro,RN5,TACUAREMBÓ,2016-09-21,2016-09-21 10:32:00,3289935,0.7,28,59.2,47,NA,10.25,14.6
Río Negro,RN5F,TACUAREMBÓ,2016-09-21,2016-09-21 10:52:00,3289936,NA,27,60.4,53,NA,6.88,15
Río Negro,RN6,TACUAREMBÓ,2016-09-21,2016-09-21 13:22:00,3289937,1.5,29,68.1,36,21,7.55,17
Río Negro,RN7,TACUAREMBÓ,2016-09-21,2016-09-21 11:55:00,3289938,NA,30,58.9,46,NA,7.77,14.4
Río Negro,RN9,RÍO NEGRO,2016-09-22,2016-09-22 09:58:00,3289939,0.1,29,61.9,49,NA,7.52,14.8
Río Negro,RN9F,RÍO NEGRO,2016-09-22,2016-09-22 10:16:00,3289940,NA,30,62.9,48,NA,7.21,15.3
Río Negro,RN0,CERRO LARGO,2016-11-22,2016-11-22 10:00:00,3289941,8.7,43,67.4,180,51,6.7,22.1
Río Negro,RN1,CERRO LARGO,2016-11-23,2016-11-23 10:00:00,3289942,22.2,44,119.2,140,48,7.38,24.7
Río Negro,RN10,RÍO NEGRO,2016-11-22,2016-11-22 10:00:00,3289943,0.6,37,89.2,69,NA,5.77,21.4
Río Negro,RN11,RÍO NEGRO,2016-12-01,2016-12-01 10:00:00,3289944,7.8,38,89.5,69,NA,6.29,23.7
Río Negro,RN12,DURAZNO,2016-11-23,2016-11-23 10:00:00,3289945,3.3,100,224.5,96,NA,7.09,23.8
Río Negro,RN13,SORIANO,2016-11-23,2016-11-23 10:00:00,3289946,4.1,44,104.8,71,NA,6.48,24.3
Río Negro,RN13F,RÍO NEGRO,2016-11-22,2016-11-22 10:00:00,3289947,NA,44,51.5,73,NA,6.17,24.7
Río Negro,RN14,SORIANO,2016-11-23,2016-11-23 10:00:00,3289948,1.2,45,107,78,7,6.15,22.4
Río Negro,RN15,SORIANO,2016-11-29,2016-11-29 10:00:00,3289949,0.3,53,128.1,120,5,7.27,22.8
Río Negro,RN16,SORIANO,2016-12-01,2016-12-01 10:00:00,3289950,0.6,54,129.4,130,5,7.22,22.8
Río Negro,RN17,SORIANO,2016-12-01,2016-12-01 10:00:00,3289951,2.2,55,132.3,160,11,7.2,24
Río Negro,RN2,TACUAREMBÓ,2016-11-29,2016-11-29 10:00:00,3289952,2.7,36,92.1,100,56,7.03,24.6
Río Negro,RN3,TACUAREMBÓ,2016-11-30,2016-11-30 10:00:00,3289953,1.3,26,67.4,91,NA,6.7,22.1
Río Negro,RN5,TACUAREMBÓ,2016-11-30,2016-11-30 10:00:00,3289954,0.6,36,88,66,NA,7.11,20.8
Río Negro,RN5F,TACUAREMBÓ,2016-11-30,2016-11-30 10:00:00,3289955,NA,35,89,67,NA,7.04,20.8
Río Negro,RN6,TACUAREMBÓ,2016-11-23,2016-11-23 10:00:00,3289956,0.6,35,58.3,68,NA,6.78,19.9
Río Negro,RN7,TACUAREMBÓ,2016-11-23,2016-11-23 10:00:00,3289957,0.6,36,88.3,66,NA,7.08,20.7
Río Negro,RN9,RÍO NEGRO,2016-11-22,2016-11-22 10:00:00,3289958,0.4,36,87.4,70,NA,6.25,21.2
Río Negro,RN9F,RÍO NEGRO,2016-11-23,2016-11-23 10:00:00,3289959,NA,36,87.4,71,NA,5.97,22.8
Río Negro,RN0,CERRO LARGO,2017-07-03,2017-07-03 15:47:00,3289960,NA,NA,51.2,140,32,7.34,13.7
Río Negro,RN1,CERRO LARGO,2017-07-04,2017-07-04 09:03:00,3289961,NA,23,46,120,29,8,12.2
Río Negro,RN10,RÍO NEGRO,2017-07-06,2017-07-06 10:15:00,3289962,NA,30,57.8,84,15,7.14,14.2
Río Negro,RN11,RÍO NEGRO,2017-07-11,2017-07-11 10:30:00,3289963,NA,31,58.3,83,NA,7.62,14.2
Río Negro,RN12,DURAZNO,2017-07-11,2017-07-11 10:30:00,3289964,NA,68,131.3,300,14,7.58,13.9
Río Negro,RN13,SORIANO,2017-07-11,2017-07-11 10:30:00,3289965,NA,36,67.7,98,NA,7.89,14.1
Río Negro,RN13F,RÍO NEGRO,2017-07-11,2017-07-11 10:30:00,3289966,NA,36,68.1,96,NA,7.86,14.1
Río Negro,RN14,SORIANO,2017-07-11,2017-07-11 10:30:00,3289967,NA,35,51.8,96,12,7.81,14.3
Río Negro,RN15,SORIANO,2017-07-12,2017-07-12 10:37:00,3289968,NA,40,74.5,110,7,7.62,14.3
Río Negro,RN16,SORIANO,2017-07-12,2017-07-12 10:37:00,3289969,NA,42,77.6,120,6,7.57,14.4
Río Negro,RN17,SORIANO,2017-07-12,2017-07-12 10:37:00,3289970,NA,45,86.8,140,9,7.49,15
Río Negro,RN2,TACUAREMBÓ,2017-07-04,2017-07-04 09:03:00,3289971,NA,31,60.5,93,21,7.26,13.8
Río Negro,RN3,TACUAREMBÓ,2017-07-04,2017-07-04 09:03:00,3289972,NA,34,67.2,89,NA,7.66,14.6
Río Negro,RN5,TACUAREMBÓ,2017-07-05,2017-07-05 09:56:00,3289973,NA,28,54,80,NA,7.24,13.9
Río Negro,RN5F,TACUAREMBÓ,2017-07-06,2017-07-06 10:15:00,3289974,NA,29,55.9,210,NA,7.92,15.2
Río Negro,RN6,TACUAREMBÓ,2017-07-05,2017-07-05 09:56:00,3289975,NA,28,54.1,81,NA,6.9,14.1
Río Negro,RN7,TACUAREMBÓ,2017-07-05,2017-07-05 09:56:00,3289976,NA,29,55.8,82,NA,7.77,14.6
Río Negro,RN9,RÍO NEGRO,2017-07-06,2017-07-06 10:15:00,3289977,NA,31,57.7,79,NA,7.22,14.2
Río Negro,RN9F,RÍO NEGRO,2017-07-06,2017-07-06 10:15:00,3289978,NA,30,58.7,82,NA,7.61,14.6
Río Negro,RN0,CERRO LARGO,2017-10-02,2017-10-02 15:33:00,3289979,NA,28,74.8,150,42,6.75,18.5
Río Negro,RN1,CERRO LARGO,2017-10-03,2017-10-03 09:00:00,3289980,NA,30,72.6,140,42,6.83,17.1
Río Negro,RN10,RÍO NEGRO,2017-10-05,2017-10-05 11:35:00,3289981,NA,27,64.3,69,9.4,7.38,19
Río Negro,RN11,RÍO NEGRO,2017-10-10,2017-10-10 10:37:00,3289982,NA,28,61.4,70,NA,6.4,18.2
Río Negro,RN12,DURAZNO,2017-10-10,2017-10-10 10:37:00,3289983,NA,86,164,170,NA,7.03,18.1
Río Negro,RN13,SORIANO,2017-10-11,2017-10-11 12:32:00,3289984,NA,31,65,80,NA,6.97,17.8
Río Negro,RN13F,RÍO NEGRO,2017-10-11,2017-10-11 12:40:00,3289985,NA,30,66.3,84,NA,7.57,18.3
Río Negro,RN14,SORIANO,2017-10-11,2017-10-11 12:46:00,3289986,NA,31,66.6,86,NA,7.63,18.1
Río Negro,RN15,SORIANO,2017-10-12,2017-10-12 09:59:00,3289987,NA,40,80.1,98,9,7.09,17.2
Río Negro,RN16,SORIANO,2017-10-12,2017-10-12 09:59:00,3289988,NA,44,87,110,7,6.89,17.2
Río Negro,RN17,SORIANO,2017-10-12,2017-10-12 09:59:00,3289989,NA,39,78.8,NA,NA,7.26,17.3
Río Negro,RN2,TACUAREMBÓ,2017-10-03,2017-10-03 11:12:00,3289990,2.6,31,66.9,120,30,6.75,17.6
Río Negro,RN3,TACUAREMBÓ,2017-10-03,2017-10-03 13:08:00,3289991,NA,25,31.9,91,10,7.49,20
Río Negro,RN5,TACUAREMBÓ,2017-10-04,2017-10-04 09:40:00,3289992,NA,26,57,69,NA,6.4,17.2
Río Negro,RN5F,TACUAREMBÓ,2017-10-04,2017-10-04 10:00:00,3289993,NA,26,58.3,67,NA,6.06,17.4
Río Negro,RN6,TACUAREMBÓ,2017-10-04,2017-10-04 09:00:00,3289994,NA,26,60.4,95,NA,8.01,17.6
Río Negro,RN7,TACUAREMBÓ,2017-10-04,2017-10-04 10:40:00,3289995,NA,26,58.1,68,NA,6.98,17.3
Río Negro,RN9,RÍO NEGRO,2017-10-05,2017-10-05 10:30:00,3289996,NA,27,59.4,72,NA,7.06,17.6
Río Negro,RN9F,RÍO NEGRO,2017-10-05,2017-10-05 10:45:00,3289997,NA,27,61.1,68,NA,6.23,18.4
Río Negro,RN0,CERRO LARGO,2018-01-15,2018-01-15 15:05:00,3289998,26,48,218,180,43,7.4,29.1
Río Negro,RN1,CERRO LARGO,2018-01-16,2018-01-16 08:51:00,3289999,29,54,189.4,160,61,7.87,26.2
Río Negro,RN10,RÍO NEGRO,2018-01-17,2018-01-17 12:00:00,3290000,17,33,84.3,100,9.4,8.09,27.3
Río Negro,RN11,RÍO NEGRO,2018-01-23,2018-01-23 10:14:00,3290001,24,39,118.3,100,5,8.39,28.7
Río Negro,RN12,DURAZNO,2018-01-23,2018-01-23 10:36:00,3290002,5.8,59,87.2,150,NA,8.93,27.5
Río Negro,RN13,SORIANO,2018-01-24,2018-01-24 10:38:00,3290003,5.6,40,100.5,120,NA,7.72,27.1
Río Negro,RN13F,RÍO NEGRO,2018-01-24,2018-01-24 11:00:00,3290004,NA,39,99.6,140,NA,7.63,26.2
Río Negro,RN14,SORIANO,2018-01-24,2018-01-24 12:28:00,3290005,4.5,43,106.9,150,8,7.6,25.6
Río Negro,RN15,SORIANO,2018-01-25,2018-01-25 09:56:00,3290006,2.9,41,99.5,130,NA,7.03,24.9
Río Negro,RN16,SORIANO,2018-01-25,2018-01-25 10:18:00,3290007,2.9,41,101.4,120,NA,7.07,25.6
Río Negro,RN17,SORIANO,2018-01-25,2018-01-25 12:30:00,3290008,11,46,116.4,150,6,7.08,27.1
Río Negro,RN2,TACUAREMBÓ,2018-01-16,2018-01-16 11:20:00,3290009,NA,65,181.1,140,53,7.72,28.2
Río Negro,RN3,TACUAREMBÓ,2018-01-16,2018-01-16 13:28:00,3290010,4.2,32,87.1,140,NA,7.85,27.8
Río Negro,RN5,TACUAREMBÓ,2018-01-18,2018-01-18 09:00:00,3290011,11,31,79.6,100,NA,8.03,26
Río Negro,RN5F,TACUAREMBÓ,2018-01-18,2018-01-18 09:15:00,3290012,NA,32,80.9,98,NA,8.03,25.6
Río Negro,RN6,TACUAREMBÓ,2018-01-18,2018-01-18 08:20:00,3290013,3.2,31,79.5,100,NA,8.02,25.9
Río Negro,RN7,TACUAREMBÓ,2018-01-17,2018-01-17 09:20:00,3290014,2.8,32,79.7,100,NA,7.85,25.5
Río Negro,RN9,RÍO NEGRO,2018-01-17,2018-01-17 10:50:00,3290015,5.6,33,83.1,110,NA,7.78,26.1
Río Negro,RN9F,RÍO NEGRO,2018-01-17,2018-01-17 11:10:00,3290016,NA,33,84.5,110,NA,7.97,26.3
Río Negro,RN0,CERRO LARGO,2018-04-09,2018-04-09 14:24:00,3290017,9.4,42,146.6,170,24,7.02,25.5
Río Negro,RN1,CERRO LARGO,2018-04-10,2018-04-10 09:25:00,3290018,13,44,152,180,34,7.74,23.3
Río Negro,RN10,RÍO NEGRO,2018-04-12,2018-04-12 12:35:00,3290019,10,38,92.7,87,24,7.57,22.6
Río Negro,RN11,RÍO NEGRO,2018-04-17,2018-04-17 10:35:00,3290020,6.5,38,89.2,94,5,7.1,21
Río Negro,RN13,SORIANO,2018-04-17,2018-04-17 12:50:00,3290022,19,38,93.9,100,6,7.11,23.1
Río Negro,RN13F,RÍO NEGRO,2018-04-17,2018-04-17 13:10:00,3290023,NA,38,96.8,90,NA,7.12,22.8
Río Negro,RN14,SORIANO,2018-04-17,2018-04-17 14:10:00,3290024,NA,43,105.8,100,NA,8.38,27
Río Negro,RN15,SORIANO,2018-04-18,2018-04-18 10:00:00,3290025,7.4,42,100.7,94,6,7.26,22.3
Río Negro,RN16,SORIANO,2018-04-18,2018-04-18 10:18:00,3290026,14,41,99.3,97,6,7.35,22.5
Río Negro,RN17,SORIANO,2018-04-18,2018-04-18 12:00:00,3290027,26,51,115.1,120,13,8.17,23.5
Río Negro,RN2,TACUAREMBÓ,2018-04-10,2018-04-10 11:50:00,3290028,NA,47,147.3,170,13,7.5,24.7
Río Negro,RN3,TACUAREMBÓ,2018-04-10,2018-04-10 14:20:00,3290029,3.2,47,143.9,160,11,7.36,25.1
Río Negro,RN5,TACUAREMBÓ,2018-04-11,2018-04-11 10:22:00,3290030,14,34,84.9,83,NA,7.6,23.1
Río Negro,RN5F,TACUAREMBÓ,2018-04-11,2018-04-11 10:30:00,3290031,NA,34,86.9,87,NA,7.84,23.7
Río Negro,RN6,TACUAREMBÓ,2018-04-11,2018-04-11 11:33:00,3290032,13,35,75.2,100,NA,7.37,25.8
Río Negro,RN7,TACUAREMBÓ,2018-04-11,2018-04-11 12:20:00,3290033,6.1,34,87.1,83,NA,7.54,23.4
Río Negro,RN9,RÍO NEGRO,2018-04-12,2018-04-12 11:26:00,3290034,31,38,94.1,85,10,7.8,23
Río Negro,RN9F,RÍO NEGRO,2018-04-12,2018-04-12 11:34:00,3290035,NA,38,91.4,85,10,7.71,22.7
Río Negro,RN1,CERRO LARGO,2018-09-25,2018-09-25 09:15:00,3290868,NA,36,80.6,150,68,6.56,18.3
Río Negro,RN10,RÍO NEGRO,2018-09-26,2018-09-26 11:15:00,3290869,NA,38,79.1,91,NA,6.55,18
Río Negro,RN11,RÍO NEGRO,2018-10-02,2018-10-02 10:30:00,3290870,NA,34,70.7,90,NA,7.01,18
Río Negro,RN12,DURAZNO,2018-10-02,2018-10-02 10:50:00,3290871,NA,73,158,160,NA,7.42,18.3
Río Negro,RN13,SORIANO,2018-10-02,2018-10-02 13:10:00,3290872,NA,34,76.1,99,NA,7.13,18.8
Río Negro,RN13F,RÍO NEGRO,2018-10-02,2018-10-02 13:25:00,3290873,NA,34,75.6,98,11,7.35,18.3
Río Negro,RN14,SORIANO,2018-10-02,2018-10-02 12:45:00,3290874,NA,35,80.5,110,11,7.41,19.1
Río Negro,RN15,SORIANO,2018-10-03,2018-10-03 09:44:00,3290875,NA,38,97.7,110,12,7.03,17.5
Río Negro,RN16,SORIANO,2018-10-03,2018-10-03 10:00:00,3290876,NA,38,80.8,120,13,6.91,17.4
Río Negro,RN17,SORIANO,2018-10-03,2018-10-03 11:25:00,3290877,NA,40,85.8,63,19,6.8,17.6
Río Negro,RN2,TACUAREMBÓ,2018-09-25,2018-09-25 11:40:00,3290878,5.3,33,73.9,140,38,6.03,19
Río Negro,RN3,TACUAREMBÓ,2018-09-25,2018-09-25 13:30:00,3290879,2.3,31,72.2,110,NA,6.01,19.4
Río Negro,RN5,TACUAREMBÓ,2018-09-27,2018-09-27 10:25:00,3290880,3.7,30,66.5,85,NA,7.26,17.6
Río Negro,RN6,TACUAREMBÓ,2018-09-27,2018-09-27 11:05:00,3290881,NA,31,68.4,110,16,7.41,17.4
Río Negro,RN7,TACUAREMBÓ,2018-09-26,2018-09-26 12:30:00,3290882,NA,30,65.5,89,NA,6.51,17.5
Río Negro,RN9,RÍO NEGRO,2018-09-26,2018-09-26 09:50:00,3290883,NA,36,76.9,86,NA,5.84,18.3
Río Negro,RN9F,RÍO NEGRO,2018-09-26,2018-09-26 10:25:00,3290884,NA,37,80.9,89,30,5.99,18.4
Rio Uruguay,RU0,RÍO NEGRO,2018-09-04,2018-09-04 13:30:00,3291907,NA,NA,75.5,100,30,7.04,14.6
