clorofila_a_mg_l,alcalinidad_total_mg_ca_co3_l,conductividad_m_s_cm,fosforo_total_mg_p_l,solidos_suspendidos_totales_mg_l,potencial_de_hidrogeno_p_h_sin_unid,temperatura_o_c,date,date_time,estacion,river,data_model
NA,84,193.5,NA,16,7.1,30.9,2008-01-08,2008-01-08T00:00:00Z,RC60,Cuareim,Test
NA,80,154.7,42,23,6.71,32,2008-01-09,2008-01-09T00:00:00Z,RC35,Cuareim,Test
NA,79,155.8,5,120,6.27,32.2,2008-01-09,2008-01-09T00:00:00Z,RC40,Cuareim,Test
NA,85,185,NA,NA,8.22,28,2008-02-26,2008-02-26T00:00:00Z,RC35,Cuareim,Test
NA,110,241,12,NA,7.85,28.7,2008-02-26,2008-02-26T00:00:00Z,RC40,Cuareim,Test
NA,110,210.5,51,16,7.53,28.4,2008-02-27,2008-02-27T00:00:00Z,RC60,Cuareim,Test
NA,68,50.1,38,NA,6.23,15.6,2008-05-27,2008-05-27T00:00:00Z,RC35,Cuareim,Test
NA,29,58.6,34,NA,6.48,16.9,2008-09-02,2008-09-02T00:00:00Z,RC40,Cuareim,Test
NA,47,69.2,48,NA,6.71,17.1,2008-09-02,2008-09-02T00:00:00Z,RC60,Cuareim,Test
NA,30,58.8,3,NA,6.49,17.5,2008-09-03,2008-09-03T00:00:00Z,RC35,Cuareim,Test
NA,77,166.4,49,NA,7.92,24.1,2008-12-02,2008-12-02T00:00:00Z,RC60,Cuareim,Test
NA,56,132.8,31,NA,7.6,25.6,2008-12-03,2008-12-03T00:00:00Z,RC35,Cuareim,Test
NA,61,144,83,NA,7.64,25.1,2008-12-03,2008-12-03T00:00:00Z,RC40,Cuareim,Test
NA,69,160.5,71,20,7.26,25.1,2009-02-03,2009-02-03T00:00:00Z,RC60,Cuareim,Test
NA,83,208.8,11,NA,8.05,29.1,2009-02-04,2009-02-04T00:00:00Z,RC35,Cuareim,Test
NA,83,207.7,11,NA,7.31,28.3,2009-02-04,2009-02-04T00:00:00Z,RC40,Cuareim,Test
NA,71,229.7,NA,NA,6.59,20.8,2009-05-05,2009-05-05T00:00:00Z,RC20,Cuareim,Test
NA,70,157.7,NA,NA,7.05,19.7,2009-05-05,2009-05-05T00:00:00Z,RC35,Cuareim,Test
NA,75,171.9,11,NA,7.31,19.8,2009-05-06,2009-05-06T00:00:00Z,RC40,Cuareim,Test
0.15,103,191.1,NA,NA,7.73,18.6,2009-05-06,2009-05-06T00:00:00Z,RC60,Cuareim,Test
0.28,81,142.1,11,7,7.21,22.1,2009-09-01,2009-09-01T00:00:00Z,RC40,Cuareim,Test
0.24,81,168.1,19,8,7.99,21.7,2009-09-01,2009-09-01T00:00:00Z,RC60,Cuareim,Test
0.5,58,123.5,NA,10,7.67,24.4,2010-03-23,2010-03-23T00:00:00Z,RC35,Cuareim,Test
NA,63,144.9,95,13,7.31,26.3,2010-03-23,2010-03-23T00:00:00Z,RC40,Cuareim,Test
0.7,55,117.2,NA,60,7.81,24.7,2010-03-24,2010-03-24T00:00:00Z,RC20,Cuareim,Test
2.9,63,129.1,93,130,7.51,23.1,2010-03-24,2010-03-24T00:00:00Z,RC60,Cuareim,Test
3.9,27,53.2,161,65,6.82,17.7,2010-05-25,2010-05-25T00:00:00Z,RC40,Cuareim,Test
2,32,59.4,213,140,7.13,19.8,2010-05-25,2010-05-25T00:00:00Z,RC60,Cuareim,Test
3.8,22,38.1,109,50,6.63,16.7,2010-05-26,2010-05-26T00:00:00Z,RC20,Cuareim,Test
0.5,21,37.1,37,91,6.65,17,2010-05-26,2010-05-26T00:00:00Z,RC35,Cuareim,Test
NA,12,25.1,148,20,6.31,13.1,2010-07-27,2010-07-27T00:00:00Z,RC40,Cuareim,Test
1,25,49.7,158,85,7.39,10.3,2010-07-27,2010-07-27T00:00:00Z,RC60,Cuareim,Test
0.1,21,42.4,57,15,7.05,11.2,2010-07-28,2010-07-28T00:00:00Z,RC20,Cuareim,Test
NA,16,38.8,NA,31,7.01,10.9,2010-07-28,2010-07-28T00:00:00Z,RC35,Cuareim,Test
15.5,48,107.6,86,10,7.13,20.8,2010-10-05,2010-10-05T00:00:00Z,RC40,Cuareim,Test
10.2,50,114.5,694,17,7.3,19.2,2010-10-05,2010-10-05T00:00:00Z,RC60,Cuareim,Test
0.7,49,105.1,112,16,7.08,19,2010-10-06,2010-10-06T00:00:00Z,RC20,Cuareim,Test
1,54,103.6,117,16,6.9,18.6,2010-10-06,2010-10-06T00:00:00Z,RC35,Cuareim,Test
19.8,80,174.3,796,NA,8.77,25.1,2010-11-23,2010-11-23T00:00:00Z,RC40,Cuareim,Test
3,120,239.1,642,5,8.24,24.1,2010-11-23,2010-11-23T00:00:00Z,RC60,Cuareim,Test
8.9,77,170.5,NA,NA,8.12,23.1,2010-11-24,2010-11-24T00:00:00Z,RC20,Cuareim,Test
8.1,77,175.1,60,NA,7.45,23.4,2010-11-24,2010-11-24T00:00:00Z,RC35,Cuareim,Test
NA,42,105.7,11,48,6.82,25.7,2011-03-01,2011-03-01T00:00:00Z,RC40,Cuareim,Test
8.6,58,108.3,53,30,7.48,24.9,2011-03-01,2011-03-01T00:00:00Z,RC60,Cuareim,Test
7.4,56,130.9,28,8,6.43,23.5,2011-03-02,2011-03-02T00:00:00Z,RC20,Cuareim,Test
0.7,46,109.1,4,13,6.85,25,2011-03-02,2011-03-02T00:00:00Z,RC35,Cuareim,Test
0.4,37,73.5,42,350,6.5,18.3,2011-06-21,2011-06-21T00:00:00Z,RC40,Cuareim,Test
NA,36,74.3,3,94,6.29,18.3,2011-06-21,2011-06-21T00:00:00Z,RC60,Cuareim,Test
1.5,25,59.2,317,110,6.24,15.9,2011-06-22,2011-06-22T00:00:00Z,RC20,Cuareim,Test
0.1,27,61.5,346,95,6.81,16.9,2011-06-22,2011-06-22T00:00:00Z,RC35,Cuareim,Test
9.8,67,148.7,195,NA,8.54,26.7,2011-12-20,2011-12-20T00:00:00Z,RC40,Cuareim,Test
3.1,130,237.4,231,NA,8.31,26.8,2011-12-20,2011-12-20T00:00:00Z,RC60,Cuareim,Test
1.2,64,154.6,183,NA,7.84,26,2011-12-21,2011-12-21T00:00:00Z,RC20,Cuareim,Test
1,65,133.7,182,NA,8.21,25.9,2011-12-21,2011-12-21T00:00:00Z,RC35,Cuareim,Test
23.7,180,185.4,273,6.9,9.17,30.8,2012-02-14,2012-02-14T00:00:00Z,RC40,Cuareim,Test
16.3,160,197.2,183,NA,8.34,28.3,2012-02-14,2012-02-14T00:00:00Z,RC60,Cuareim,Test
1.5,82,172.7,198,NA,8.26,27.8,2012-02-15,2012-02-15T00:00:00Z,RC20,Cuareim,Test
1.8,79,160.1,187,NA,7.69,27.9,2012-02-15,2012-02-15T00:00:00Z,RC35,Cuareim,Test
3.1,52.8,141.1,385,150,6.77,22.4,2012-04-10,2012-04-10T00:00:00Z,RC40,Cuareim,Test
1,77.7,161.4,83,NA,6.42,23.6,2012-04-10,2012-04-10T00:00:00Z,RC60,Cuareim,Test
1.9,49.2,111.2,82,24.5,6.47,21.5,2012-04-11,2012-04-11T00:00:00Z,RC20,Cuareim,Test
1.8,51.2,104.4,142,148,6.51,21.7,2012-04-11,2012-04-11T00:00:00Z,RC35,Cuareim,Test
0.9,63,128.9,6,6.4,6.1,19,2012-05-30,2012-05-30T12:00:00Z,RC20,Cuareim,Test
5.9,64,132.9,31,NA,6.13,19.5,2012-05-30,2012-05-30T12:00:00Z,RC35,Cuareim,Test
1.9,70,155.3,12,5.6,6.24,20.7,2012-05-30,2012-05-30T12:00:00Z,RC40,Cuareim,Test
1.5,86,149.5,2,NA,7.41,20.9,2012-05-30,2012-05-30T12:00:00Z,RC60,Cuareim,Test
2.5,46,88.1,97,6.8,7.31,14.5,2012-07-24,2012-07-24T00:00:00Z,RC40,Cuareim,Test
1.2,45,103.5,92,5.6,8.08,15.3,2012-07-24,2012-07-24T00:00:00Z,RC50,Cuareim,Test
0.6,64,131.6,61,8.8,7.69,14,2012-07-24,2012-07-24T00:00:00Z,RC60,Cuareim,Test
0.4,34,60.1,NA,NA,7.21,11.4,2012-07-25,2012-07-25T00:00:00Z,RC10,Cuareim,Test
NA,42,71.7,78,7.6,7.38,11.1,2012-07-25,2012-07-25T00:00:00Z,RC20,Cuareim,Test
0.4,45,75.9,41,NA,7.7,12.4,2012-07-25,2012-07-25T00:00:00Z,RC35,Cuareim,Test
1.3,28,64.4,67,49,5.92,21.1,2012-10-23,2012-10-23T00:00:00Z,RC50,Cuareim,Test
1.5,38,84.8,12,140,7.11,22.1,2012-10-23,2012-10-23T00:00:00Z,RC60,Cuareim,Test
1.3,38,83.5,59,27,6.91,20.9,2012-10-24,2012-10-24T00:00:00Z,RC35,Cuareim,Test
1.5,32,77,71,40,6.89,21.6,2012-10-24,2012-10-24T00:00:00Z,RC40,Cuareim,Test
2.8,27,56.7,NA,6,6.79,19.6,2012-10-25,2012-10-25T00:00:00Z,RC10,Cuareim,Test
1.3,40,83.2,52,21,6.73,20.4,2012-10-25,2012-10-25T00:00:00Z,RC20,Cuareim,Test
1.2,29,70.5,NA,4,6.84,25.4,2012-12-19,2012-12-19T12:00:00Z,RC10,Cuareim,Test
1.6,38,86.7,NA,7.5,8.16,25.6,2012-12-19,2012-12-19T12:00:00Z,RC20,Cuareim,Test
NA,37,88.7,NA,17.2,7.27,25,2012-12-19,2012-12-19T12:00:00Z,RC35,Cuareim,Test
0.7,37,89.6,845,5.2,7.36,25.4,2012-12-19,2012-12-19T12:00:00Z,RC40,Cuareim,Test
1.5,39,85.6,877,6,7.11,26,2012-12-19,2012-12-19T12:00:00Z,RC50,Cuareim,Test
1.8,37,95.3,903,23.6,7.23,26.3,2012-12-19,2012-12-19T12:00:00Z,RC60,Cuareim,Test
1.2,46.1,99.2,606,9.5,6.93,25.3,2013-03-12,2013-03-12T00:00:00Z,RC10,Cuareim,Test
0.6,21.2,47.6,106,192,6.96,22.9,2013-03-12,2013-03-12T00:00:00Z,RC20,Cuareim,Test
0.8,29.6,65.3,885,49.5,7.21,24.2,2013-03-12,2013-03-12T00:00:00Z,RC35,Cuareim,Test
0.8,17.3,40.1,853,97,6.63,22.4,2013-03-13,2013-03-13T00:00:00Z,RC40,Cuareim,Test
NA,37.8,81.1,78,65,6.95,23.6,2013-03-13,2013-03-13T00:00:00Z,RC50,Cuareim,Test
0.5,27.7,55.8,76,53,6.7,22,2013-03-13,2013-03-13T00:00:00Z,RC60,Cuareim,Test
0.4,46.3,77.1,134,11.8,7.6,14.5,2013-07-30,2013-07-30T00:00:00Z,RC40,Cuareim,Test
0.3,47.7,79.3,912,5.4,7.97,15.4,2013-07-30,2013-07-30T00:00:00Z,RC50,Cuareim,Test
0.4,58.4,75.3,114,6.4,7.8,13.9,2013-07-30,2013-07-30T00:00:00Z,RC60,Cuareim,Test
1.2,31.7,52.4,703,44.2,7.64,14.7,2013-07-31,2013-07-31T00:00:00Z,RC10,Cuareim,Test
0.9,48.6,75.2,898,5.4,7.44,14.6,2013-07-31,2013-07-31T00:00:00Z,RC20,Cuareim,Test
2.1,48.5,81.7,675,7.4,7.81,15,2013-07-31,2013-07-31T00:00:00Z,RC35,Cuareim,Test
6.5,66.6,152.6,453,9.2,7.21,27.6,2014-01-14,2014-01-14T00:00:00Z,RC40,Cuareim,Test
1,77.3,142,378,5.2,7.45,26.3,2014-01-14,2014-01-14T00:00:00Z,RC60,Cuareim,Test
1.3,31.7,83.9,229,3.2,7.23,26.2,2014-01-15,2014-01-15T00:00:00Z,RC10,Cuareim,Test
1.5,46.8,100.4,273,NA,7.53,27.1,2014-01-15,2014-01-15T00:00:00Z,RC20,Cuareim,Test
4,57.3,124.8,612,3.2,8.07,28.1,2014-01-16,2014-01-16T00:00:00Z,RC35,Cuareim,Test
2.8,73.2,116.8,266,12,7.44,28.1,2014-01-16,2014-01-16T00:00:00Z,RC50,Cuareim,Test
NA,54,102.1,52,NA,8.04,25.4,2014-03-11,2014-03-11T00:00:00Z,RC3C70,Cuareim,Test
0.1,46,91,11,NA,7.89,24.5,2014-03-11,2014-03-11T00:00:00Z,RC60,Cuareim,Test
NA,130,117.8,65,NA,7.79,22.3,2014-03-11,2014-03-11T00:00:00Z,RCYU80,Cuareim,Test
0.4,39,78.2,68,NA,7.51,25.2,2014-03-12,2014-03-12T00:00:00Z,RC35,Cuareim,Test
0.7,40,79.4,1,NA,7.72,25.2,2014-03-12,2014-03-12T00:00:00Z,RC40,Cuareim,Test
0.6,41,80.1,1,NA,7.99,24.8,2014-03-12,2014-03-12T00:00:00Z,RC50,Cuareim,Test
1.5,28,58.2,57,NA,7.5,25.1,2014-03-13,2014-03-13T00:00:00Z,RC10,Cuareim,Test
0.6,37,77.2,52,NA,7.42,26.7,2014-03-13,2014-03-13T00:00:00Z,RC20,Cuareim,Test
NA,53,96.2,13,NA,7.48,20.7,2014-05-13,2014-05-13T00:00:00Z,RC3C70,Cuareim,Test
NA,45,77.5,93,13,7.54,19.1,2014-05-13,2014-05-13T00:00:00Z,RC60,Cuareim,Test
NA,140,219.8,57,NA,7.83,18.2,2014-05-13,2014-05-13T00:00:00Z,RCYU80,Cuareim,Test
0.3,30,58.6,55,NA,7.82,18.4,2014-05-14,2014-05-14T00:00:00Z,RC10,Cuareim,Test
0.1,42,74.1,79,NA,7.57,19.4,2014-05-14,2014-05-14T00:00:00Z,RC20,Cuareim,Test
0.1,41,75.3,79,NA,7.52,19.7,2014-05-14,2014-05-14T00:00:00Z,RC40,Cuareim,Test
0.4,45,76.8,83,NA,7.27,19.2,2014-05-15,2014-05-15T00:00:00Z,RC35,Cuareim,Test
0.6,44,76.9,58,NA,7.77,19.8,2014-05-15,2014-05-15T00:00:00Z,RC50,Cuareim,Test
NA,31.9,68.5,101,4.2,7.35,14.2,2014-06-24,2014-06-24T00:00:00Z,RC10,Cuareim,Test
NA,42.9,67.4,944,9,7.53,13.5,2014-06-24,2014-06-24T00:00:00Z,RC20,Cuareim,Test
0.3,43.7,68.2,114,7,7.48,15.5,2014-06-24,2014-06-24T00:00:00Z,RC35,Cuareim,Test
NA,135,192.2,108,8.8,7.51,14.6,2014-06-25,2014-06-25T00:00:00Z,RC3C70,Cuareim,Test
NA,44.4,71.1,796,50.7,7.67,14.6,2014-06-25,2014-06-25T00:00:00Z,RC60,Cuareim,Test
NA,54.6,86.9,923,6,7.71,15.5,2014-06-25,2014-06-25T00:00:00Z,RCYU80,Cuareim,Test
NA,44.1,73.4,11,NA,7.36,14.8,2014-06-26,2014-06-26T00:00:00Z,RC40,Cuareim,Test
NA,48.7,80.1,114,NA,7.41,14.9,2014-06-26,2014-06-26T00:00:00Z,RC50,Cuareim,Test
NA,38,62.9,93,75,7.77,18.7,2014-09-16,2014-09-16T00:00:00Z,RC3C70,Cuareim,Test
0.3,37,64.4,1,54,7.73,17.4,2014-09-16,2014-09-16T00:00:00Z,RC60,Cuareim,Test
NA,76,125.4,1,24,7.62,17.5,2014-09-16,2014-09-16T00:00:00Z,RCYU80,Cuareim,Test
0.7,22,37.3,74,NA,7.52,16.6,2014-09-17,2014-09-17T00:00:00Z,RC10,Cuareim,Test
0.4,29,50.3,92,13,7.33,17.5,2014-09-17,2014-09-17T00:00:00Z,RC20,Cuareim,Test
NA,31,51.5,93,26,7.65,17.9,2014-09-17,2014-09-17T00:00:00Z,RC35,Cuareim,Test
0.4,29,51.1,86,13,7.54,17.3,2014-09-18,2014-09-18T00:00:00Z,RC40,Cuareim,Test
0.3,32,55.7,9,15,7.47,17.5,2014-09-18,2014-09-18T00:00:00Z,RC50,Cuareim,Test
NA,110,208.3,439,NA,7.74,24.2,2014-11-11,2014-11-11T00:00:00Z,RC3C70,Cuareim,Test
0.4,49,98.6,316,14,7.65,26.1,2014-11-11,2014-11-11T00:00:00Z,RC60,Cuareim,Test
NA,58,113,264,NA,7.89,26.2,2014-11-11,2014-11-11T00:00:00Z,RCYU80,Cuareim,Test
0.1,33,63.7,448,15,7.43,24.2,2014-11-12,2014-11-12T00:00:00Z,RC10,Cuareim,Test
1,39,85,641,25,7.5,25.5,2014-11-12,2014-11-12T00:00:00Z,RC20,Cuareim,Test
0.7,34,79.6,286,16,7.44,24.7,2014-11-13,2014-11-13T00:00:00Z,RC35,Cuareim,Test
0.7,34,87.5,251,14,7.46,24.6,2014-11-13,2014-11-13T00:00:00Z,RC40,Cuareim,Test
3.9,36,89.4,533,NA,7.84,25,2014-11-13,2014-11-13T00:00:00Z,RC50,Cuareim,Test
0.3,24,52.7,NA,NA,7.49,25.8,2015-01-13,2015-01-13T12:00:00Z,RC10,Cuareim,Test
0.3,31,67.9,49,16,7.13,26.6,2015-01-13,2015-01-13T12:00:00Z,RC20,Cuareim,Test
NA,30,63.7,89,16,7.5,26.7,2015-01-13,2015-01-13T12:00:00Z,RC35,Cuareim,Test
NA,48,87.9,57,11,7.49,26,2015-01-13,2015-01-13T12:00:00Z,RC3C70,Cuareim,Test
0.1,44,77.6,46,29,7.4,25.4,2015-01-13,2015-01-13T12:00:00Z,RC40,Cuareim,Test
0.1,37,68.6,5,16,7.32,25.6,2015-01-13,2015-01-13T12:00:00Z,RC50,Cuareim,Test
0.7,31,50,67,11,6.94,23.8,2015-01-13,2015-01-13T12:00:00Z,RC60,Cuareim,Test
NA,54,99.3,93,31,7.2,26.1,2015-01-13,2015-01-13T12:00:00Z,RCYU80,Cuareim,Test
NA,53,112.9,8,NA,8.11,18,2015-05-12,2015-05-12T00:00:00Z,RC3C70,Cuareim,Test
0.6,53,97.5,77,NA,7.88,17.3,2015-05-12,2015-05-12T00:00:00Z,RC60,Cuareim,Test
NA,180,267.5,9,9.3,7.99,15.8,2015-05-12,2015-05-12T00:00:00Z,RCYU80,Cuareim,Test
5.6,35,62.4,53,NA,7.62,14.7,2015-05-13,2015-05-13T00:00:00Z,RC10,Cuareim,Test
1.3,44,81.1,57,NA,7.85,18.8,2015-05-13,2015-05-13T00:00:00Z,RC20,Cuareim,Test
0.3,45,83,54,NA,7.79,19.1,2015-05-13,2015-05-13T00:00:00Z,RC35,Cuareim,Test
0.7,47,87.8,94,NA,7.52,18.4,2015-05-14,2015-05-14T00:00:00Z,RC40,Cuareim,Test
0.4,51,92,71,NA,7.62,18,2015-05-14,2015-05-14T00:00:00Z,RC50,Cuareim,Test
NA,120,178.8,93,44,7.85,14.9,2015-07-14,2015-07-14T00:00:00Z,RC3C70,Cuareim,Test
1.2,39,66.6,890,92,7.76,16.2,2015-07-14,2015-07-14T00:00:00Z,RC60,Cuareim,Test
NA,274,46.2,75,41,7.98,16,2015-07-14,2015-07-14T00:00:00Z,RCYU80,Cuareim,Test
0.2,23,40.5,50,12,7.69,13.9,2015-07-15,2015-07-15T00:00:00Z,RC10,Cuareim,Test
NA,30,47.2,56,23,8.16,14.3,2015-07-15,2015-07-15T00:00:00Z,RC20,Cuareim,Test
0.6,30,49.3,57,16,7.42,15.4,2015-07-15,2015-07-15T00:00:00Z,RC35,Cuareim,Test
0.2,29,47.6,77,12,7.06,13.7,2015-07-16,2015-07-16T00:00:00Z,RC40,Cuareim,Test
0.5,35,58.3,65,19,6.83,14.4,2015-07-16,2015-07-16T00:00:00Z,RC50,Cuareim,Test
NA,57,108.7,91,77,7.89,20.7,2015-09-22,2015-09-22T12:00:00Z,RC3C70,Cuareim,Test
1.3,72,133.5,110,47,7.48,21.5,2015-09-22,2015-09-22T12:00:00Z,RC60,Cuareim,Test
0.2,120,101.5,12,35,7.45,19.5,2015-09-22,2015-09-22T12:00:00Z,RCYU80,Cuareim,Test
1.3,31,58.1,51,NA,7.23,19.9,2015-09-23,2015-09-23T12:00:00Z,RC10,Cuareim,Test
1,45,86.6,98,98,7.76,21.1,2015-09-23,2015-09-23T12:00:00Z,RC20,Cuareim,Test
1.5,36,75.6,80,57,7.07,21.5,2015-09-24,2015-09-24T12:00:00Z,RC35,Cuareim,Test
0.7,34,70,83,49,7,21.6,2015-09-24,2015-09-24T12:00:00Z,RC40,Cuareim,Test
1.2,29,67.5,82,27,7.24,22.3,2015-09-24,2015-09-24T12:00:00Z,RC50,Cuareim,Test
0.3,32,60.9,63,15,7.85,21.6,2015-11-17,2015-11-17T00:00:00Z,RC35,Cuareim,Test
0.3,33,64.6,63,15,8.8,22.5,2015-11-17,2015-11-17T00:00:00Z,RC40,Cuareim,Test
0.9,23,44.2,62,14,7.75,20.7,2015-11-17,2015-11-17T00:00:00Z,RC50,Cuareim,Test
NA,91,178.5,82,12,8,22.5,2015-11-18,2015-11-18T00:00:00Z,RC3C70,Cuareim,Test
NA,45,94.4,66,NA,7.74,23.7,2015-11-18,2015-11-18T00:00:00Z,RC60,Cuareim,Test
NA,54,90.1,150,13,7.21,29.3,2016-01-12,2016-01-12T11:25:00Z,RC3C70,Cuareim,Test
1.8,40,97.8,170,45,7.02,30.1,2016-01-12,2016-01-12T11:25:00Z,RC60,Cuareim,Test
NA,83,179.8,160,18,8.07,28.9,2016-01-12,2016-01-12T11:25:00Z,RCYU80,Cuareim,Test
10.7,28,68.8,150,22,7.12,28.2,2016-01-13,2016-01-13T10:30:00Z,RC10,Cuareim,Test
3.8,39,92.9,150,33,7.56,29.6,2016-01-13,2016-01-13T10:30:00Z,RC35,Cuareim,Test
2.7,40,82.2,150,39,7.81,27.2,2016-01-13,2016-01-13T12:40:00Z,RC20,Cuareim,Test
2.4,28,94.5,150,11,7.95,27.7,2016-01-14,2016-01-14T09:50:00Z,RC40,Cuareim,Test
2.1,39,92.5,150,10,8.01,28,2016-01-14,2016-01-14T10:50:00Z,RC50,Cuareim,Test
0.9,21,92.1,150,87,7.9,20.9,2016-04-05,2016-04-05T12:30:00Z,RC10,Cuareim,Test
0.7,24,52.1,250,140,8.5,20.9,2016-04-05,2016-04-05T12:30:00Z,RC35,Cuareim,Test
1.2,25,58,190,82,8.01,21.2,2016-04-05,2016-04-05T14:30:00Z,RC20,Cuareim,Test
1.5,24,50.1,200,79,8.49,21.3,2016-04-06,2016-04-06T09:00:00Z,RC40,Cuareim,Test
1.3,26,52.7,260,240,8.53,21.5,2016-04-06,2016-04-06T09:00:00Z,RC50,Cuareim,Test
NA,67,116.9,91,25,8.09,17.7,2016-05-10,2016-05-10T12:00:00Z,RCYU80,Cuareim,Test
NA,59,105.9,69,NA,8.18,17.8,2016-05-10,2016-05-10T14:00:00Z,RC3C70,Cuareim,Test
0.7,39,71.2,78,22,8.06,17.2,2016-05-11,2016-05-11T09:10:00Z,RC35,Cuareim,Test
0.9,45,79.7,73,17,8.27,17.3,2016-05-11,2016-05-11T10:00:00Z,RC20,Cuareim,Test
2.4,25,47.7,64,NA,8.59,17.5,2016-05-11,2016-05-11T12:30:00Z,RC10,Cuareim,Test
0.1,39,72.5,82,14,7.72,16.5,2016-05-12,2016-05-12T10:00:00Z,RC50,Cuareim,Test
0.6,41,75.4,95,16,7.91,16,2016-05-12,2016-05-12T12:00:00Z,RC40,Cuareim,Test
NA,140,78.5,80,15,8.8,16.1,2016-07-26,2016-07-26T11:50:00Z,RC3C70,Cuareim,Test
0.7,46,77.6,73,NA,8.16,13.2,2016-07-26,2016-07-26T11:50:00Z,RC40,Cuareim,Test
NA,66,106,53,NA,8.21,13.8,2016-07-26,2016-07-26T13:00:00Z,RCYU80,Cuareim,Test
0.6,45,75.9,61,NA,8.09,13.9,2016-07-26,2016-07-26T15:32:00Z,RC50,Cuareim,Test
1.3,25,45.2,58,NA,8.7,12.1,2016-07-27,2016-07-27T10:50:00Z,RC10,Cuareim,Test
NA,45,73.1,63,14,8.24,12.3,2016-07-27,2016-07-27T10:50:00Z,RC20,Cuareim,Test
0.4,41,70,62,11,7.9,13.5,2016-07-27,2016-07-27T14:50:00Z,RC35,Cuareim,Test
NA,54,105.9,15,11,8.37,20,2016-09-13,2016-09-13T11:10:00Z,RC3C70,Cuareim,Test
0.6,36,71.8,NA,12,7.84,18.8,2016-09-13,2016-09-13T11:10:00Z,RC40,Cuareim,Test
0.6,39,77.4,36,10,7.83,19.5,2016-09-13,2016-09-13T11:10:00Z,RC50,Cuareim,Test
0.6,49,97.8,31,19,7.49,19.4,2016-09-13,2016-09-13T11:10:00Z,RC60,Cuareim,Test
NA,120,208.9,23,20,7.56,18.8,2016-09-13,2016-09-13T11:10:00Z,RCYU80,Cuareim,Test
0.6,26,53.9,162,NA,7.91,16.2,2016-09-14,2016-09-14T09:55:00Z,RC10,Cuareim,Test
0.6,38,75.1,NA,16,7.84,17.2,2016-09-14,2016-09-14T09:55:00Z,RC20,Cuareim,Test
0.6,38,72.6,24,9.7,7.89,18.2,2016-09-14,2016-09-14T09:55:00Z,RC35,Cuareim,Test
NA,86,168.5,51,34,7.61,24,2016-11-15,2016-11-15T10:30:00Z,RC3C70,Cuareim,Test
2.8,49,102.3,76,43,8.02,27.6,2016-11-15,2016-11-15T10:30:00Z,RC60,Cuareim,Test
NA,53,115.2,48,NA,6.93,28.9,2016-11-15,2016-11-15T10:30:00Z,RCYU80,Cuareim,Test
2.2,30,68,NA,NA,6.98,26.7,2016-11-16,2016-11-16T10:00:00Z,RC10,Cuareim,Test
1.6,39,80.4,68,40,6.87,25.2,2016-11-16,2016-11-16T10:00:00Z,RC20,Cuareim,Test
21,38,86.7,58,29,6.68,24.5,2016-11-17,2016-11-17T10:25:00Z,RC35,Cuareim,Test
3.7,37,87.3,600,10,6.81,25.6,2016-11-17,2016-11-17T10:25:00Z,RC40,Cuareim,Test
1.8,36,83.9,46,NA,6.7,23.3,2016-11-17,2016-11-17T10:25:00Z,RC50,Cuareim,Test
NA,120,233.1,88,24,7.02,25.9,2017-01-10,2017-01-10T11:30:00Z,RC3C70,Cuareim,Test
NA,31,72.1,110,73,7.82,24.5,2017-01-10,2017-01-10T11:30:00Z,RCYU80,Cuareim,Test
3.8,19,55.8,70,10,6.54,25.5,2017-01-11,2017-01-11T09:00:00Z,RC10,Cuareim,Test
0.9,27,90,76,88,7.65,25.5,2017-01-11,2017-01-11T10:40:00Z,RC20,Cuareim,Test
0.4,31,70.3,69,31,7.35,26.4,2017-01-11,2017-01-11T13:00:00Z,RC50,Cuareim,Test
1.2,31,69.5,110,87,7.05,26.3,2017-01-11,2017-01-11T14:00:00Z,RC40,Cuareim,Test
0.9,29,63.1,120,81,7.61,25.7,2017-01-11,2017-01-11T15:00:00Z,RC35,Cuareim,Test
NA,39,77.7,82,21,7.21,22.4,2017-03-21,2017-03-21T11:00:00Z,RC60,Cuareim,Test
NA,83,152.5,89,17,7.15,21.6,2017-03-21,2017-03-21T12:25:00Z,RCYU80,Cuareim,Test
NA,43,88.5,78,NA,6.93,24.4,2017-03-21,2017-03-21T13:35:00Z,RC3C70,Cuareim,Test
NA,36,73.2,78,19,6.74,22.6,2017-03-22,2017-03-22T10:00:00Z,RC50,Cuareim,Test
0.9,35,72,79,11,6.84,22.6,2017-03-22,2017-03-22T11:30:00Z,RC40,Cuareim,Test
0.7,36,74.6,78,12,6.67,23.1,2017-03-22,2017-03-22T12:30:00Z,RC35,Cuareim,Test
1.3,27,60.4,74,NA,6.19,22.8,2017-03-23,2017-03-23T10:00:00Z,RC10,Cuareim,Test
NA,39,98.1,77,22,6.86,26,2017-03-23,2017-03-23T13:00:00Z,RC20,Cuareim,Test
NA,69,121.1,65,15,7.63,18.3,2017-08-01,2017-08-01T10:00:00Z,RC3C70,Cuareim,Test
NA,47,89.4,87,NA,7.02,20.1,2017-08-01,2017-08-01T10:00:00Z,RC40,Cuareim,Test
NA,47,89.5,75,NA,7.21,19.2,2017-08-01,2017-08-01T10:00:00Z,RC50,Cuareim,Test
NA,63,110.1,75,NA,6.97,18,2017-08-01,2017-08-01T10:00:00Z,RC60,Cuareim,Test
NA,160,258.2,71,9.3,7.25,17.6,2017-08-01,2017-08-01T10:00:00Z,RCYU80,Cuareim,Test
NA,46,58.8,120,180,7.2,17.8,2017-08-02,2017-08-02T10:43:00Z,RC20,Cuareim,Test
NA,45,85.6,120,30,7.1,17.3,2017-08-02,2017-08-02T10:43:00Z,RC35,Cuareim,Test
NA,40,84.4,NA,12,7.41,21.8,2017-10-24,2017-10-24T12:30:00Z,RC3C70,Cuareim,Test
NA,69,127.6,75,14,7.24,20.2,2017-10-24,2017-10-24T12:30:00Z,RCYU80,Cuareim,Test
NA,27,58.7,63,22,7.31,21.5,2017-10-24,2017-10-24T13:45:00Z,RC50,Cuareim,Test
NA,26,56.7,53,26,7.03,20.8,2017-10-24,2017-10-24T15:15:00Z,RC40,Cuareim,Test
NA,21,50.4,58,28,6.82,20.4,2017-10-25,2017-10-25T11:00:00Z,RC10,Cuareim,Test
NA,28,61,70,16,7.04,21.4,2017-10-25,2017-10-25T11:00:00Z,RC35,Cuareim,Test
NA,120,271.5,NA,30,7.14,23.5,2017-12-05,2017-12-05T10:00:00Z,RCYU80,Cuareim,Test
NA,94,204.6,84,NA,7.36,26.4,2017-12-05,2017-12-05T10:55:00Z,RC3C70,Cuareim,Test
7.7,71,167.2,100,NA,8.41,26.7,2017-12-05,2017-12-05T13:15:00Z,RC40,Cuareim,Test
2.8,67,152.6,63,NA,7.93,26.9,2017-12-05,2017-12-05T13:15:00Z,RC50,Cuareim,Test
NA,48,144.4,93,13,7.14,36.4,2017-12-06,2017-12-06T10:50:00Z,RC35,Cuareim,Test
2.2,61,140.1,75,NA,7.14,24.8,2017-12-06,2017-12-06T12:00:00Z,RC20,Cuareim,Test
2.6,66,115.8,100,NA,7.16,26.7,2017-12-07,2017-12-07T10:41:00Z,RC10,Cuareim,Test
NA,175,334.4,150,10,7.85,25.9,2018-02-06,2018-02-06T10:07:00Z,RCYU80,Cuareim,Test
NA,71,170.2,100,NA,7.97,29.4,2018-02-06,2018-02-06T11:09:00Z,RC3C70,Cuareim,Test
NA,73,176.4,88,NA,8.61,31.7,2018-02-06,2018-02-06T12:22:00Z,RC50,Cuareim,Test
4.6,79,206,130,NA,8.36,31.9,2018-02-06,2018-02-06T14:23:00Z,RC40,Cuareim,Test
NA,82,193.6,98,NA,8.12,28.1,2018-02-07,2018-02-07T08:52:00Z,RC20,Cuareim,Test
NA,71,169.3,94,NA,8.12,29.6,2018-02-07,2018-02-07T10:48:00Z,RC10,Cuareim,Test
3.2,81,192.2,110,NA,8.52,30.7,2018-02-08,2018-02-08T11:00:00Z,RC35,Cuareim,Test
NA,130,240.3,96,13,7.42,22.4,2018-04-03,2018-04-03T10:00:00Z,RCYU80,Cuareim,Test
NA,38,107.9,72,10,6.83,23.9,2018-04-03,2018-04-03T11:10:00Z,RC3C70,Cuareim,Test
3.5,46,111.2,91,12,7.01,25.2,2018-04-03,2018-04-03T12:40:00Z,RC50,Cuareim,Test
3.5,46,115.1,120,NA,6.97,25.2,2018-04-03,2018-04-03T13:50:00Z,RC40,Cuareim,Test
NA,46,108.3,88,18,6.77,23.6,2018-04-04,2018-04-04T09:10:00Z,RC20,Cuareim,Test
2.7,35,89.1,63,NA,6.61,23.9,2018-04-04,2018-04-04T10:50:00Z,RC10,Cuareim,Test
2.4,48,113.6,72,NA,6.9,24.2,2018-04-05,2018-04-05T10:00:00Z,RC35,Cuareim,Test
NA,150,249.3,95,9.3,7.59,16,2018-05-29,2018-05-29T09:25:00Z,RCYU80,Cuareim,Test
NA,57,110.5,55,NA,7.15,17.3,2018-05-29,2018-05-29T10:24:00Z,RC3C70,Cuareim,Test
NA,42,87.5,76,NA,4.02,17.5,2018-05-29,2018-05-29T13:00:00Z,RC40,Cuareim,Test
NA,43,87.3,76,NA,7.2,18.2,2018-05-29,2018-05-29T14:41:00Z,RC50,Cuareim,Test
NA,42,91.8,73,15,7.21,17.5,2018-05-30,2018-05-30T09:04:00Z,RC20,Cuareim,Test
4.7,28,60.4,63,13,7.32,18.2,2018-05-30,2018-05-30T12:00:00Z,RC10,Cuareim,Test
4.2,42,87.9,130,32,6.74,17.1,2018-05-30,2018-05-30T14:00:00Z,RC35,Cuareim,Test
NA,110,174.6,81,12,6.69,11.4,2018-07-31,2018-07-31T10:30:00Z,RCYU80,Cuareim,Test
NA,45,77.9,78,NA,6.04,12.6,2018-07-31,2018-07-31T11:30:00Z,RC3C70,Cuareim,Test
NA,35,62.5,52,NA,5.98,13.2,2018-07-31,2018-07-31T12:45:00Z,RC50,Cuareim,Test
NA,33,57.9,54,NA,5.61,13.2,2018-07-31,2018-07-31T14:00:00Z,RC40,Cuareim,Test
NA,35,62.9,51,NA,5.52,12,2018-08-01,2018-08-01T09:50:00Z,RC20,Cuareim,Test
NA,25,44.4,45,24,5.82,12.4,2018-08-01,2018-08-01T11:30:00Z,RC10,Cuareim,Test
NA,35,63.9,69,NA,5.74,12.3,2018-08-02,2018-08-02T13:45:00Z,RC35,Cuareim,Test
NA,44,193.6,210,22,6.22,17.8,2009-05-26,2009-05-26T00:00:00Z,RN1,Negro,Train
0.3,44,97,460,10,6.4,18,2009-05-26,2009-05-26T00:00:00Z,RN3,Negro,Train
NA,41,106.6,84,NA,6.79,16.4,2009-05-27,2009-05-27T00:00:00Z,RN5,Negro,Train
0.3,41,106.4,99,NA,6.25,16.4,2009-05-27,2009-05-27T00:00:00Z,RN6,Negro,Train
0.3,43,111.1,82,NA,7.33,17,2009-05-27,2009-05-27T00:00:00Z,RN7,Negro,Train
NA,44,111.1,91.3,NA,7.1,16.1,2009-05-28,2009-05-28T00:00:00Z,RN10,Negro,Train
NA,44,111.6,110,NA,7.03,16.1,2009-05-28,2009-05-28T00:00:00Z,RN9,Negro,Train
0.3,48,117.2,74,NA,7.48,13.7,2009-06-02,2009-06-02T00:00:00Z,RN11,Negro,Train
NA,50,106.5,85,NA,7.21,15.4,2009-06-02,2009-06-02T00:00:00Z,RN13,Negro,Train
0.15,51,132.5,89,NA,8.12,15.7,2009-06-02,2009-06-02T00:00:00Z,RN14,Negro,Train
0.15,64,150.7,110,NA,7.66,11.9,2009-06-03,2009-06-03T00:00:00Z,RN15,Negro,Train
NA,66,157.5,150,NA,7.59,12.4,2009-06-03,2009-06-03T00:00:00Z,RN16,Negro,Train
NA,66,118.3,130,15,7.07,12.4,2009-06-03,2009-06-03T00:00:00Z,RN17,Negro,Train
1.4,31,81.4,180,12,6.37,15.2,2009-09-15,2009-09-15T00:00:00Z,RN1,Negro,Train
1.5,28,76.5,150,34,6.4,15.3,2009-09-15,2009-09-15T00:00:00Z,RN2,Negro,Train
0.6,29,71,110,10,6.64,15.5,2009-09-15,2009-09-15T00:00:00Z,RN3,Negro,Train
4.8,45,107.2,100,NA,7.27,15.5,2009-09-16,2009-09-16T00:00:00Z,RN5,Negro,Train
0.6,47,107.5,100,NA,7.47,16.1,2009-09-16,2009-09-16T00:00:00Z,RN6,Negro,Train
2.1,48,108.5,100,NA,7.25,15.6,2009-09-16,2009-09-16T00:00:00Z,RN7,Negro,Train
1.7,66,134,91.086,5,7.86,15.2,2009-09-17,2009-09-17T00:00:00Z,RN10,Negro,Train
0.6,66,135.8,48,NA,7.59,15.2,2009-09-17,2009-09-17T00:00:00Z,RN9,Negro,Train
0.1,55,134.5,108.021,NA,7.56,15.6,2009-09-22,2009-09-22T00:00:00Z,RN11,Negro,Train
0.1,63,156.5,128.671,NA,7.38,16.3,2009-09-22,2009-09-22T00:00:00Z,RN12,Negro,Train
0.4,51,132.1,110,NA,7.56,16.1,2009-09-22,2009-09-22T00:00:00Z,RN13,Negro,Train
0.2,51,131.1,133,NA,7.43,14.8,2009-09-22,2009-09-22T00:00:00Z,RN14,Negro,Train
0.7,64,152.2,NA,7,7.86,14.7,2009-09-23,2009-09-23T00:00:00Z,RN15,Negro,Train
0.4,69,163.3,NA,7,7.8,15,2009-09-23,2009-09-23T00:00:00Z,RN16,Negro,Train
0.6,57,139.2,NA,NA,7.49,15.8,2009-09-23,2009-09-23T00:00:00Z,RN17,Negro,Train
NA,47,174.4,160,25,7.79,13.8,2010-06-02,2010-06-02T00:00:00Z,RN1,Negro,Train
NA,24,80.4,110,34,6.4,14.1,2010-06-02,2010-06-02T00:00:00Z,RN2,Negro,Train
0.2,33,101.9,100,NA,6.28,17.5,2010-06-02,2010-06-02T00:00:00Z,RN3,Negro,Train
8.3,28,65.7,77,7,7.55,16,2010-06-03,2010-06-03T00:00:00Z,RN10,Negro,Train
4.8,26,59.2,68,NA,7.47,15.6,2010-06-03,2010-06-03T00:00:00Z,RN5,Negro,Train
7.8,25,59.4,75,NA,7.37,15.1,2010-06-03,2010-06-03T00:00:00Z,RN6,Negro,Train
5.3,27,62.2,75,NA,7.52,15.3,2010-06-03,2010-06-03T00:00:00Z,RN7,Negro,Train
4.4,28,64.7,67,NA,7.46,15.1,2010-06-03,2010-06-03T00:00:00Z,RN9,Negro,Train
2.6,40,75.2,64,NA,7.48,14.3,2010-06-09,2010-06-09T00:00:00Z,RN11,Negro,Train
7.1,76,150.9,93,NA,7.78,13.5,2010-06-09,2010-06-09T00:00:00Z,RN12,Negro,Train
2.9,43,82.5,71,NA,7.35,15.2,2010-06-09,2010-06-09T00:00:00Z,RN13,Negro,Train
3.8,43,82.6,74,NA,7.43,15.8,2010-06-09,2010-06-09T00:00:00Z,RN14,Negro,Train
NA,50,95.1,72,NA,7.59,14,2010-06-10,2010-06-10T00:00:00Z,RN15,Negro,Train
NA,69,130,94,5,7.6,13.9,2010-06-10,2010-06-10T00:00:00Z,RN16,Negro,Train
NA,55,106,120,5,7.62,13.9,2010-06-10,2010-06-10T00:00:00Z,RN17,Negro,Train
12.7,16.3,42,75,10,6.86,10,2010-08-04,2010-08-04T00:00:00Z,RN1,Negro,Train
NA,19.4,49.4,70,10,7.05,10.2,2010-08-04,2010-08-04T00:00:00Z,RN2,Negro,Train
1.8,19.3,49.5,72,21,8.01,10.9,2010-08-04,2010-08-04T00:00:00Z,RN3,Negro,Train
0.3,28.8,63.4,76,NA,8.37,9.5,2010-08-05,2010-08-05T00:00:00Z,RN5,Negro,Train
1.3,29.1,64.1,74,9,8.38,9.9,2010-08-05,2010-08-05T00:00:00Z,RN6,Negro,Train
2.1,29.3,64.5,87,NA,8,9.3,2010-08-05,2010-08-05T00:00:00Z,RN7,Negro,Train
0.3,33.3,71.2,84,NA,7.8,10.1,2010-08-06,2010-08-06T00:00:00Z,RN10,Negro,Train
NA,33,69.9,77,NA,7.26,9.4,2010-08-06,2010-08-06T00:00:00Z,RN9,Negro,Train
NA,40.9,82.5,67,NA,7.68,10,2010-08-11,2010-08-11T00:00:00Z,RN11,Negro,Train
23.8,51.7,112,90,NA,7.41,10,2010-08-11,2010-08-11T00:00:00Z,RN12,Negro,Train
1.2,44.3,94.5,97,NA,7.21,10.2,2010-08-12,2010-08-12T00:00:00Z,RN13,Negro,Train
NA,45,94.4,93,NA,7.14,9.9,2010-08-12,2010-08-12T00:00:00Z,RN14,Negro,Train
NA,51.1,106.9,98,NA,7.53,10,2010-08-13,2010-08-13T00:00:00Z,RN15,Negro,Train
0.6,59.3,122,103,NA,7.3,10.1,2010-08-13,2010-08-13T00:00:00Z,RN16,Negro,Train
0.3,56.3,117.6,96,NA,7.57,10.7,2010-08-13,2010-08-13T00:00:00Z,RN17,Negro,Train
12.7,60,172.1,176,34,7.57,20.1,2010-12-01,2010-12-01T00:00:00Z,RN1,Negro,Train
6.4,63,157.8,113,30,7.52,23.1,2010-12-01,2010-12-01T00:00:00Z,RN2,Negro,Train
5.3,32,73.1,105,12,8.64,30.4,2010-12-01,2010-12-01T00:00:00Z,RN3,Negro,Train
1.5,36,85.3,NA,NA,7.49,21.2,2010-12-02,2010-12-02T00:00:00Z,RN5,Negro,Train
11.1,38,87.2,75.2,6,7.29,21.5,2010-12-02,2010-12-02T00:00:00Z,RN6,Negro,Train
19.5,37,88.6,88.4,NA,7.87,22.4,2010-12-02,2010-12-02T00:00:00Z,RN7,Negro,Train
1.9,37,90.7,88,10,7.36,24,2010-12-03,2010-12-03T00:00:00Z,RN10,Negro,Train
5,39,89.6,92.1,5,8.2,23.5,2010-12-03,2010-12-03T00:00:00Z,RN9,Negro,Train
4.7,45,93.2,100,NA,7.57,21.5,2010-12-08,2010-12-08T00:00:00Z,RN11,Negro,Train
1.5,63,145.1,116,NA,7.77,22.8,2010-12-08,2010-12-08T00:00:00Z,RN12,Negro,Train
22.8,43,99.7,178,6,8.43,23.1,2010-12-09,2010-12-09T00:00:00Z,RN13,Negro,Train
2.5,45,101.7,176,NA,7.7,19.7,2010-12-09,2010-12-09T00:00:00Z,RN14,Negro,Train
4.7,NA,140.6,175,NA,7.73,23.4,2010-12-10,2010-12-10T00:00:00Z,RN15,Negro,Train
9.6,NA,130.9,179,5,8,23.5,2010-12-10,2010-12-10T00:00:00Z,RN16,Negro,Train
32.9,NA,106.5,141,15,8.44,22.7,2010-12-10,2010-12-10T00:00:00Z,RN17,Negro,Train
4.7,55.7,154.2,180,30,7.34,19.3,2011-03-30,2011-03-30T00:00:00Z,RN1,Negro,Train
6.7,62.9,133.2,105,21,7.26,19,2011-03-30,2011-03-30T00:00:00Z,RN2,Negro,Train
9,41.9,108.3,170,8,7.86,21.4,2011-03-30,2011-03-30T00:00:00Z,RN3,Negro,Train
25.3,37.9,85.5,69.7,NA,6.64,20.6,2011-03-31,2011-03-31T00:00:00Z,RN5,Negro,Train
30.8,38.5,93.3,77,8,7.6,23.8,2011-03-31,2011-03-31T00:00:00Z,RN6,Negro,Train
3.1,38.6,97.2,66.1,NA,6.58,20.6,2011-03-31,2011-03-31T00:00:00Z,RN7,Negro,Train
0.1,41.6,99.9,94,NA,7.33,23.3,2011-04-01,2011-04-01T00:00:00Z,RN10,Negro,Train
23.5,41.1,91.6,70.1,NA,7.42,21.3,2011-04-01,2011-04-01T00:00:00Z,RN9,Negro,Train
21.5,47.5,101.6,80.8,NA,7.89,20.8,2011-04-06,2011-04-06T00:00:00Z,RN11,Negro,Train
12.4,50.1,108,87.2,NA,7.86,20.8,2011-04-06,2011-04-06T00:00:00Z,RN12,Negro,Train
16.7,50.8,115.1,72.7,5,8.78,22.1,2011-04-07,2011-04-07T00:00:00Z,RN13,Negro,Train
20.1,52,116.3,94.2,NA,8,23.1,2011-04-07,2011-04-07T00:00:00Z,RN14,Negro,Train
4.1,68.5,142.9,63.2,7,8.06,21.6,2011-04-08,2011-04-08T00:00:00Z,RN15,Negro,Train
5.3,65.6,138.5,62.8,6,7.75,21.5,2011-04-08,2011-04-08T00:00:00Z,RN16,Negro,Train
NA,45.9,101.4,97.2,8,7.95,21.3,2011-04-08,2011-04-08T00:00:00Z,RN17,Negro,Train
0.4,52,192.9,119,22,6.57,14.9,2011-05-25,2011-05-25T00:00:00Z,RN1,Negro,Train
NA,55,159.1,131,16,7.27,14.1,2011-05-25,2011-05-25T00:00:00Z,RN2,Negro,Train
0.1,45,110.3,116,9,7.29,14.3,2011-05-25,2011-05-25T00:00:00Z,RN3,Negro,Train
1.6,40,89.7,81.3,5,7.22,15.4,2011-05-26,2011-05-26T00:00:00Z,RN5,Negro,Train
0.3,41,93.1,84.6,6,7.12,15.8,2011-05-26,2011-05-26T00:00:00Z,RN6,Negro,Train
0.1,47,102.1,79.6,14,6.67,15.5,2011-05-26,2011-05-26T00:00:00Z,RN7,Negro,Train
0.3,54,93.3,107,15,7.36,15,2011-05-27,2011-05-27T00:00:00Z,RN10,Negro,Train
NA,50,86,83.2,7,7.18,15.1,2011-05-27,2011-05-27T00:00:00Z,RN9,Negro,Train
NA,51,104,144,NA,6.93,14.5,2011-06-01,2011-06-01T00:00:00Z,RN11,Negro,Train
0.3,46,102.1,258,6,6.15,12.7,2011-06-01,2011-06-01T00:00:00Z,RN12,Negro,Train
0.7,53,122,83.7,NA,7.65,15.5,2011-06-02,2011-06-02T00:00:00Z,RN13,Negro,Train
NA,57,102.9,86.2,NA,7.59,15.1,2011-06-02,2011-06-02T00:00:00Z,RN14,Negro,Train
3.5,57,129.3,117,7,7.71,14.9,2011-06-03,2011-06-03T00:00:00Z,RN15,Negro,Train
3.8,60,131.3,115,7,7.77,14.7,2011-06-03,2011-06-03T00:00:00Z,RN16,Negro,Train
2.3,58,102.1,120,5,7.2,14.8,2011-06-03,2011-06-03T00:00:00Z,RN17,Negro,Train
6.5,100,241.8,161,24,7.98,25,2012-01-18,2012-01-18T00:00:00Z,RN1,Negro,Train
3.1,53,131.8,147,46,7.75,27,2012-01-18,2012-01-18T00:00:00Z,RN2,Negro,Train
8.9,44,84.4,67,NA,8.54,25.6,2012-01-18,2012-01-18T00:00:00Z,RN3,Negro,Train
8,42,75.8,120,6,8.31,26.6,2012-01-19,2012-01-19T00:00:00Z,RN10,Negro,Train
72.5,40,91.5,140,14,8.77,25.6,2012-01-19,2012-01-19T00:00:00Z,RN5,Negro,Train
2.2,38,92.1,150,8,8.79,26,2012-01-19,2012-01-19T00:00:00Z,RN6,Negro,Train
6.5,37,91.9,120,NA,8.28,25.1,2012-01-19,2012-01-19T00:00:00Z,RN7,Negro,Train
12.3,42,94.3,110,6,8.07,25.3,2012-01-19,2012-01-19T00:00:00Z,RN9,Negro,Train
14.9,44,98,120,5,8.34,26.2,2012-01-24,2012-01-24T00:00:00Z,RN11,Negro,Train
6.5,53,118.5,140,NA,8.08,26.3,2012-01-25,2012-01-25T00:00:00Z,RN12,Negro,Train
40.6,49,111.6,140,11,9.06,26.5,2012-01-25,2012-01-25T00:00:00Z,RN13,Negro,Train
3.8,50,115.4,170,NA,7.7,24.5,2012-01-26,2012-01-26T00:00:00Z,RN14,Negro,Train
25.3,52,112.9,120,11,8.67,24.9,2012-01-27,2012-01-27T00:00:00Z,RN15,Negro,Train
26.5,52,113.2,130,15,8.68,25.5,2012-01-27,2012-01-27T00:00:00Z,RN16,Negro,Train
10.2,52,112.6,130,9,7.97,26.2,2012-01-27,2012-01-27T00:00:00Z,RN17,Negro,Train
1.3,43.3,124.8,246,18,6.86,24.6,2012-03-20,2012-03-20T00:00:00Z,RN1,Negro,Train
0.1,36.2,94.8,216,8.8,6.74,25.3,2012-03-20,2012-03-20T00:00:00Z,RN2,Negro,Train
16,28.3,69.6,157,14,7.31,24.3,2012-03-20,2012-03-20T00:00:00Z,RN3,Negro,Train
10.2,37.6,89.1,114,6,7.583,24.6,2012-03-21,2012-03-21T00:00:00Z,RN5,Negro,Train
1.6,37.3,88.6,105,NA,7.48,24.7,2012-03-21,2012-03-21T00:00:00Z,RN6,Negro,Train
0.9,37.8,88.7,107,NA,6.97,24.5,2012-03-21,2012-03-21T00:00:00Z,RN7,Negro,Train
1.2,39,90.6,79.4,6,7.09,24.8,2012-03-22,2012-03-22T00:00:00Z,RN10,Negro,Train
0.4,38.5,88.7,94.8,6,6.85,24.5,2012-03-22,2012-03-22T00:00:00Z,RN9,Negro,Train
3,43.7,98.3,100,NA,6.68,22.4,2012-03-27,2012-03-27T00:00:00Z,RN11,Negro,Train
0.9,47.3,106.9,111,7,6.86,22.1,2012-03-27,2012-03-27T00:00:00Z,RN12,Negro,Train
0.3,44.1,100.9,107,NA,7.34,23,2012-03-28,2012-03-28T00:00:00Z,RN13,Negro,Train
NA,45.2,85.6,115,NA,7.22,22.1,2012-03-28,2012-03-28T00:00:00Z,RN14,Negro,Train
1.2,62.8,133.6,116,7,7.69,20.1,2012-03-29,2012-03-29T00:00:00Z,RN15,Negro,Train
4,65,139.5,133,7,7.66,20.2,2012-03-29,2012-03-29T00:00:00Z,RN16,Negro,Train
1.8,61.4,134,127,9,7.21,21.5,2012-03-29,2012-03-29T00:00:00Z,RN17,Negro,Train
0.7,44.5,146.4,194,27,7.37,15.4,2012-08-14,2012-08-14T00:00:00Z,RN1,Negro,Train
0.7,49.1,131.6,121,180,7.69,15.4,2012-08-14,2012-08-14T00:00:00Z,RN2,Negro,Train
0.4,30.9,86.9,114,NA,7.57,14.9,2012-08-14,2012-08-14T00:00:00Z,RN3,Negro,Train
13.3,36.8,89.8,110,NA,7.38,13.4,2012-08-15,2012-08-15T00:00:00Z,RN5,Negro,Train
179,39.8,95.9,229,9,7.63,14.7,2012-08-15,2012-08-15T00:00:00Z,RN6,Negro,Train
1.2,39.2,94.1,80.8,NA,7.09,13.3,2012-08-15,2012-08-15T00:00:00Z,RN7,Negro,Train
0.9,39.2,98,87.5,NA,7.61,16.1,2012-08-16,2012-08-16T00:00:00Z,RN10,Negro,Train
1.6,40.1,75,102,NA,7.75,14.7,2012-08-16,2012-08-16T00:00:00Z,RN9,Negro,Train
0.9,41.9,97.6,97.1,NA,7.57,15,2012-08-21,2012-08-21T00:00:00Z,RN11,Negro,Train
0.9,32.8,83.6,176,59,7.05,15.9,2012-08-21,2012-08-21T00:00:00Z,RN12,Negro,Train
1,46.1,106.5,110,NA,7.62,14.3,2012-08-22,2012-08-22T00:00:00Z,RN13,Negro,Train
2.7,49,111.2,137,34,7.69,15.1,2012-08-22,2012-08-22T00:00:00Z,RN14,Negro,Train
1.6,43,81.2,159,84,7.24,15.7,2012-08-23,2012-08-23T00:00:00Z,RN17,Negro,Train
23.2,44,142.2,130,30,7.8,27.4,2012-12-05,2012-12-05T00:00:00Z,RN1,Negro,Train
16,43,108.2,77.9,23,8.2,27.4,2012-12-05,2012-12-05T00:00:00Z,RN2,Negro,Train
276,30,76.4,175,25,8.67,28.2,2012-12-05,2012-12-05T00:00:00Z,RN3,Negro,Train
192,35,87.5,221,34,9.31,27.2,2012-12-06,2012-12-06T00:00:00Z,RN5,Negro,Train
3,35,83,86.3,NA,7.54,24.3,2012-12-06,2012-12-06T00:00:00Z,RN6,Negro,Train
1.3,34,85,72.9,NA,7.49,24.2,2012-12-06,2012-12-06T00:00:00Z,RN7,Negro,Train
5.8,36,88.1,93.6,7,7.48,24.4,2012-12-07,2012-12-07T00:00:00Z,RN10,Negro,Train
3.7,36,88.2,78.2,5,7.14,25.1,2012-12-07,2012-12-07T00:00:00Z,RN9,Negro,Train
36,45,114.1,151,10,7.5,26.5,2012-12-12,2012-12-12T00:00:00Z,RN11,Negro,Train
5.6,44,121.6,258,10,6.52,25.1,2012-12-12,2012-12-12T00:00:00Z,RN12,Negro,Train
9.3,42,100.7,106,6,7.5,26.6,2012-12-13,2012-12-13T00:00:00Z,RN13,Negro,Train
0.6,42,99.9,93.1,15,7.4,24.6,2012-12-13,2012-12-13T00:00:00Z,RN14,Negro,Train
2.1,54,123.5,120,10,7.24,24.2,2012-12-14,2012-12-14T00:00:00Z,RN15,Negro,Train
7.4,59,119.5,145,14,7.18,24.2,2012-12-14,2012-12-14T00:00:00Z,RN16,Negro,Train
1,53,126.3,156,12,7.11,24.9,2012-12-14,2012-12-14T00:00:00Z,RN17,Negro,Train
2.8,51,124.5,153,36,7.38,24.7,2013-02-19,2013-02-19T00:00:00Z,RN1,Negro,Train
0.7,39,91,126,18,7.14,23.9,2013-02-20,2013-02-20T00:00:00Z,RN2,Negro,Train
0.7,41,68.8,126,10,7.75,23.5,2013-02-20,2013-02-20T00:00:00Z,RN3,Negro,Train
1.2,39,86.11,98.1,NA,7.48,24.1,2013-02-21,2013-02-21T00:00:00Z,RN10,Negro,Train
2.7,37,82.4,90.8,5,7.57,23.9,2013-02-21,2013-02-21T00:00:00Z,RN5,Negro,Train
5.5,37,82.5,83.8,5,7.73,24.3,2013-02-21,2013-02-21T00:00:00Z,RN6,Negro,Train
4.1,38,83.2,82,5,7.61,24.2,2013-02-21,2013-02-21T00:00:00Z,RN7,Negro,Train
2.2,39,85.8,82.4,6,7.56,23.5,2013-02-21,2013-02-21T00:00:00Z,RN9,Negro,Train
2.5,43,86.7,125,NA,7.52,22.8,2013-02-26,2013-02-26T00:00:00Z,RN11,Negro,Train
1.8,50,98.6,138,7,7.5,22.7,2013-02-26,2013-02-26T00:00:00Z,RN12,Negro,Train
25.3,49,100.9,89.5,8,7.55,23.8,2013-02-28,2013-02-28T00:00:00Z,RN13,Negro,Train
9.8,60,101.9,89.3,NA,7.68,24,2013-02-28,2013-02-28T00:00:00Z,RN14,Negro,Train
6.5,64,130.1,138,7,7.71,23.2,2013-02-28,2013-02-28T00:00:00Z,RN15,Negro,Train
4.3,70,147.6,129,6,7.8,23.2,2013-02-28,2013-02-28T00:00:00Z,RN16,Negro,Train
18.8,66,126.9,131,10,8.05,23.1,2013-02-28,2013-02-28T00:00:00Z,RN17,Negro,Train
0.9,35,115.2,216,39,8.09,10.9,2013-07-03,2013-07-03T00:00:00Z,RN1,Negro,Train
0.6,43,114.5,162,33,8.15,11.7,2013-07-03,2013-07-03T00:00:00Z,RN2,Negro,Train
0.7,48,112.6,140,16,8.56,17.1,2013-07-03,2013-07-03T00:00:00Z,RN3,Negro,Train
1.3,39,86.8,122,NA,7.9,12.7,2013-07-04,2013-07-04T00:00:00Z,RN10,Negro,Train
0.3,36,82.5,137,NA,7.93,12.7,2013-07-04,2013-07-04T00:00:00Z,RN7,Negro,Train
0.7,37,86.1,121,NA,8.03,12.4,2013-07-04,2013-07-04T00:00:00Z,RN9,Negro,Train
0.9,35,81.7,120,NA,7.74,12.6,2013-07-05,2013-07-05T00:00:00Z,RN5,Negro,Train
1,34,81.8,121,NA,7.85,12.7,2013-07-05,2013-07-05T00:00:00Z,RN6,Negro,Train
0.1,41,92,118,NA,7.89,12.5,2013-07-10,2013-07-10T00:00:00Z,RN11,Negro,Train
0.3,68,156,213,13,7.51,13.8,2013-07-10,2013-07-10T00:00:00Z,RN12,Negro,Train
3.7,42,94.8,143,NA,7.94,12.7,2013-07-11,2013-07-11T00:00:00Z,RN13,Negro,Train
0.3,42,94.9,133,NA,7.82,12.6,2013-07-11,2013-07-11T00:00:00Z,RN14,Negro,Train
0.6,59,126.9,130,9,7.97,12.8,2013-07-12,2013-07-12T00:00:00Z,RN15,Negro,Train
0.6,62,133.9,121,7,7.86,12.8,2013-07-12,2013-07-12T00:00:00Z,RN16,Negro,Train
4.9,54,119.9,129,NA,7.93,13,2013-07-12,2013-07-12T00:00:00Z,RN17,Negro,Train
0.7,27,61.5,NA,39,7.15,24.9,2014-02-04,2014-02-04T00:00:00Z,RN1,Negro,Train
0.4,30,69.6,NA,19,7.04,23.9,2014-02-04,2014-02-04T00:00:00Z,RN2,Negro,Train
1.2,40,97.9,NA,18,7.41,24.9,2014-02-04,2014-02-04T00:00:00Z,RN3,Negro,Train
1.6,34,72.8,NA,NA,7.89,25.3,2014-02-05,2014-02-05T00:00:00Z,RN5,Negro,Train
0.6,34,75.1,NA,NA,7.97,25,2014-02-05,2014-02-05T00:00:00Z,RN6,Negro,Train
0.2,34,73.7,NA,NA,7.24,25,2014-02-05,2014-02-05T00:00:00Z,RN7,Negro,Train
0.4,36,77.9,92,12,6.87,25.2,2014-02-06,2014-02-06T00:00:00Z,RN10,Negro,Train
0.6,37,76.3,110,NA,6.55,24.2,2014-02-06,2014-02-06T00:00:00Z,RN9,Negro,Train
0.1,38,81.4,82,4,7.34,25.2,2014-02-11,2014-02-11T00:00:00Z,RN11,Negro,Train
0.2,38,83.2,170,10,6.76,24.6,2014-02-11,2014-02-11T00:00:00Z,RN12,Negro,Train
8.4,37,80,183,5,7.07,24.8,2014-02-12,2014-02-12T00:00:00Z,RN13,Negro,Train
1.3,36,79.1,174,18,7.45,25.5,2014-02-12,2014-02-12T00:00:00Z,RN14,Negro,Train
0.3,41,88.3,199,7,6.88,24.6,2014-02-12,2014-02-12T00:00:00Z,RN16,Negro,Train
NA,44,92.2,220,10,6.78,24.8,2014-02-12,2014-02-12T00:00:00Z,RN17,Negro,Train
0.4,45.2,76.6,120,26,7.49,13.8,2014-05-20,2014-05-20T00:00:00Z,RN1,Negro,Train
0.1,43.1,81.9,120,NA,7.53,16.3,2014-05-20,2014-05-20T00:00:00Z,RN2,Negro,Train
0.3,30.7,61.1,130,NA,7.82,17.2,2014-05-20,2014-05-20T00:00:00Z,RN3,Negro,Train
0.3,34.1,63.7,110,NA,7.29,17.1,2014-05-21,2014-05-21T00:00:00Z,RN6,Negro,Train
NA,34,64.7,99,NA,7.27,17.1,2014-05-21,2014-05-21T00:00:00Z,RN7,Negro,Train
NA,37.2,69.4,190,NA,7.67,16.4,2014-05-22,2014-05-22T00:00:00Z,RN10,Negro,Train
NA,31,62.9,170,NA,7.52,16.9,2014-05-22,2014-05-22T00:00:00Z,RN5,Negro,Train
0.4,38.5,68.4,210,NA,7.32,16.2,2014-05-22,2014-05-22T00:00:00Z,RN9,Negro,Train
2.5,38.3,68.7,170,NA,7.31,16,2014-05-27,2014-05-27T00:00:00Z,RN11,Negro,Train
5,63.3,103.1,160,3,6.98,15,2014-05-27,2014-05-27T00:00:00Z,RN12,Negro,Train
2.8,39,72.3,130,3,7.04,16.1,2014-05-29,2014-05-29T00:00:00Z,RN13,Negro,Train
1.2,39.4,88.1,190,5,7.09,15.9,2014-05-29,2014-05-29T00:00:00Z,RN14,Negro,Train
0.7,54.6,92.1,150,4,7.31,15,2014-05-29,2014-05-29T00:00:00Z,RN15,Negro,Train
0.6,51.6,85.1,160,3,7.39,15.2,2014-05-29,2014-05-29T00:00:00Z,RN16,Negro,Train
1.6,51.1,86.6,200,19,7.96,15,2014-05-29,2014-05-29T00:00:00Z,RN17,Negro,Train
0.3,21.1,38.3,142,20,7.87,11.8,2014-07-29,2014-07-29T00:00:00Z,RN1,Negro,Train
NA,32.5,55.3,105,13,6.9,11.7,2014-07-29,2014-07-29T00:00:00Z,RN2,Negro,Train
0.1,32.6,61.5,104,NA,7.16,15.9,2014-07-29,2014-07-29T00:00:00Z,RN3,Negro,Train
0.3,33.6,59.8,126,NA,8.23,13.6,2014-07-30,2014-07-30T00:00:00Z,RN5,Negro,Train
0.3,34,58.6,96,NA,7.77,13.5,2014-07-30,2014-07-30T00:00:00Z,RN6,Negro,Train
NA,34.5,58.3,104,NA,7.72,12.7,2014-07-30,2014-07-30T00:00:00Z,RN7,Negro,Train
0.1,36.9,61.2,115,16,7.57,13.7,2014-07-31,2014-07-31T00:00:00Z,RN10,Negro,Train
0.1,37.7,58.2,118,NA,7.08,13.2,2014-07-31,2014-07-31T00:00:00Z,RN9,Negro,Train
NA,39,66.5,77.2,NA,7.86,14,2014-08-19,2014-08-19T00:00:00Z,RN11,Negro,Train
6.5,52.7,105,107,NA,8.1,15.1,2014-08-19,2014-08-19T00:00:00Z,RN12,Negro,Train
NA,39.3,71.3,116,NA,7.75,15.7,2014-08-20,2014-08-20T00:00:00Z,RN13,Negro,Train
0.1,40.1,714.5,108,3,7.78,15.2,2014-08-20,2014-08-20T00:00:00Z,RN14,Negro,Train
NA,44.6,76.9,114,3,7.47,15.1,2014-08-21,2014-08-21T00:00:00Z,RN15,Negro,Train
0.3,46.5,79.2,121,3,7.38,14.9,2014-08-21,2014-08-21T00:00:00Z,RN16,Negro,Train
0.1,48.5,85.7,100,10,7.43,NA,2014-08-21,2014-08-21T00:00:00Z,RN17,Negro,Train
NA,34.9,95.7,169,49,7.66,23.9,2014-11-25,2014-11-25T00:00:00Z,RN1,Negro,Train
0.4,31.3,79.1,123,27,7.31,23.7,2014-11-25,2014-11-25T00:00:00Z,RN2,Negro,Train
0.1,29.9,64.1,129,NA,7.28,23.6,2014-11-25,2014-11-25T00:00:00Z,RN3,Negro,Train
9.3,36.3,70.6,82.1,NA,7.6,22.2,2014-11-26,2014-11-26T00:00:00Z,RN5,Negro,Train
2.5,1630,71.6,101,16,7.66,22.5,2014-11-26,2014-11-26T00:00:00Z,RN6,Negro,Train
0.6,33.7,71.2,87.2,NA,7.69,22.3,2014-11-26,2014-11-26T00:00:00Z,RN7,Negro,Train
0.6,35.2,77.8,86.3,13,8.36,22.9,2014-11-27,2014-11-27T00:00:00Z,RN10,Negro,Train
0.7,34.2,77.8,96.5,NA,7.57,22.5,2014-11-27,2014-11-27T00:00:00Z,RN9,Negro,Train
NA,711,103.6,170,11,7.17,21.3,2014-12-02,2014-12-02T00:00:00Z,RN12,Negro,Train
0.3,38.2,79.1,161,5,7.38,22.3,2014-12-03,2014-12-03T00:00:00Z,RN11,Negro,Train
3.4,37.1,84.8,74.3,NA,7.44,22.7,2014-12-03,2014-12-03T00:00:00Z,RN13,Negro,Train
0.3,37.6,88.3,142,5,7.43,22.7,2014-12-03,2014-12-03T00:00:00Z,RN14,Negro,Train
1.5,41.3,91.8,154,9,7.67,22.3,2014-12-04,2014-12-04T00:00:00Z,RN15,Negro,Train
1,41.7,92,130,9,7.68,22.3,2014-12-04,2014-12-04T00:00:00Z,RN16,Negro,Train
0.7,39.8,93,163,10,6.97,22.7,2014-12-04,2014-12-04T00:00:00Z,RN17,Negro,Train
1.5,49,126.1,147,27,7.49,25.9,2015-03-17,2015-03-17T00:00:00Z,RN1,Negro,Train
0.1,37,94.8,102,NA,7.23,29.7,2015-03-17,2015-03-17T00:00:00Z,RN2,Negro,Train
0.4,43,105.6,104,NA,7.93,29.6,2015-03-17,2015-03-17T00:00:00Z,RN3,Negro,Train
4.3,37,79.2,136,NA,7.79,26.4,2015-03-18,2015-03-18T00:00:00Z,RN5,Negro,Train
2.7,36,79,67,NA,7.91,26.5,2015-03-18,2015-03-18T00:00:00Z,RN6,Negro,Train
3,36,79.4,43,NA,7.81,26.2,2015-03-18,2015-03-18T00:00:00Z,RN7,Negro,Train
1.3,36,82.9,123,12,7.82,26.5,2015-03-19,2015-03-19T00:00:00Z,RN10,Negro,Train
5.3,36,81.1,62,12,7.44,25.9,2015-03-19,2015-03-19T00:00:00Z,RN9,Negro,Train
2.1,41,84.7,84,9,6.81,24,2015-03-24,2015-03-24T00:00:00Z,RN11,Negro,Train
3.3,53,110.4,103,6,7.16,23.8,2015-03-24,2015-03-24T00:00:00Z,RN12,Negro,Train
0.1,41,91.2,130,5,6.55,23.9,2015-03-25,2015-03-25T00:00:00Z,RN13,Negro,Train
1.9,42,92.8,122,5,6.65,24.1,2015-03-25,2015-03-25T00:00:00Z,RN14,Negro,Train
1.3,44,95.9,79,NA,7.54,23,2015-03-26,2015-03-26T00:00:00Z,RN15,Negro,Train
1.6,44,96.4,88,5,7.27,23,2015-03-26,2015-03-26T00:00:00Z,RN16,Negro,Train
0.7,46,101.9,112,5,7.25,22.8,2015-03-26,2015-03-26T00:00:00Z,RN17,Negro,Train
2.1,57,137.4,180,19,7.37,13.1,2015-06-02,2015-06-02T09:30:00Z,RN1,Negro,Train
1.2,56,131.8,120,17,7.96,16.8,2015-06-02,2015-06-02T09:30:00Z,RN2,Negro,Train
8,50,101.9,110,NA,8.62,20,2015-06-02,2015-06-02T09:30:00Z,RN3,Negro,Train
1.6,38,71.2,79,NA,7.34,17,2015-06-03,2015-06-03T10:39:00Z,RN5,Negro,Train
0.3,37,72.7,78,NA,7.23,17,2015-06-03,2015-06-03T10:39:00Z,RN6,Negro,Train
0.9,41,78.1,81,NA,7.07,17,2015-06-03,2015-06-03T10:39:00Z,RN7,Negro,Train
1.8,42,80.5,67,NA,8.12,18.2,2015-06-05,2015-06-05T11:39:00Z,RN10,Negro,Train
NA,41,76.3,76,NA,7.76,17.1,2015-06-05,2015-06-05T11:39:00Z,RN9,Negro,Train
1,43,80.8,77,NA,7.72,17.2,2015-06-09,2015-06-09T10:51:00Z,RN11,Negro,Train
1.3,50,95.6,87,NA,7.41,17.1,2015-06-09,2015-06-09T10:51:00Z,RN12,Negro,Train
2.2,43,81.9,83,6,7.21,17.7,2015-06-10,2015-06-10T10:29:00Z,RN13,Negro,Train
0.5,44,82.4,73,NA,7.42,17.9,2015-06-10,2015-06-10T10:29:00Z,RN14,Negro,Train
1.9,48,87.6,93,6,7.12,16.7,2015-06-12,2015-06-12T10:18:00Z,RN15,Negro,Train
1.9,51,93.7,93,5,7.18,16.8,2015-06-12,2015-06-12T10:18:00Z,RN16,Negro,Train
12.7,110,198.4,96,7,7.79,16.9,2015-06-12,2015-06-12T10:18:00Z,RN17,Negro,Train
0.6,34,87.9,120,35,6.09,16.6,2015-09-01,2015-09-01T00:00:00Z,RN1,Negro,Train
3.1,27,68.9,NA,15,6.82,16.4,2015-09-01,2015-09-01T00:00:00Z,RN2,Negro,Train
1,24,63.9,76,15,6.85,17,2015-09-01,2015-09-01T00:00:00Z,RN3,Negro,Train
0.9,37,90.8,91,NA,6.84,15.4,2015-09-02,2015-09-02T00:00:00Z,RN5,Negro,Train
NA,36,91.2,93,NA,7.12,15.5,2015-09-02,2015-09-02T00:00:00Z,RN6,Negro,Train
0.3,36,91.1,88,NA,6.95,15.5,2015-09-02,2015-09-02T00:00:00Z,RN7,Negro,Train
0.9,37,92.9,130,23,7.31,16.2,2015-09-03,2015-09-03T00:00:00Z,RN10,Negro,Train
0.6,37,91.9,86,NA,6.68,15.5,2015-09-03,2015-09-03T00:00:00Z,RN9,Negro,Train
0.4,40,85.2,81,NA,7.85,16.1,2015-09-08,2015-09-08T00:00:00Z,RN11,Negro,Train
0.4,63,149.8,120,NA,7.78,16.6,2015-09-08,2015-09-08T00:00:00Z,RN12,Negro,Train
0.7,34,84.5,120,NA,7.53,16.1,2015-09-09,2015-09-09T00:00:00Z,RN13,Negro,Train
0.3,33,84.3,100,NA,7.99,15.9,2015-09-09,2015-09-09T00:00:00Z,RN14,Negro,Train
NA,40,94.9,100,NA,7.92,15.2,2015-09-10,2015-09-10T00:00:00Z,RN15,Negro,Train
0.6,40,94.1,120,NA,8.04,15.2,2015-09-10,2015-09-10T00:00:00Z,RN16,Negro,Train
0.3,37,93.3,110,NA,8.08,15.5,2015-09-10,2015-09-10T00:00:00Z,RN17,Negro,Train
6.1,38,91.4,140,67,7.02,22.5,2015-12-01,2015-12-01T00:00:00Z,RN1,Negro,Train
5.8,34,84.6,81,13,7.13,24.2,2015-12-01,2015-12-01T00:00:00Z,RN2,Negro,Train
13,28,67.1,120,13,7.22,23.4,2015-12-01,2015-12-01T00:00:00Z,RN3,Negro,Train
2.4,30,69.4,85,NA,7.46,23,2015-12-02,2015-12-02T00:00:00Z,RN5,Negro,Train
0.4,29,69.8,90,NA,7.54,22.3,2015-12-02,2015-12-02T00:00:00Z,RN6,Negro,Train
0.7,30,68.8,130,NA,7.41,21.7,2015-12-02,2015-12-02T00:00:00Z,RN7,Negro,Train
0.6,31,73.2,94,NA,7.52,23.2,2015-12-03,2015-12-03T00:00:00Z,RN10,Negro,Train
0.9,30,70.3,120,NA,7.37,22,2015-12-03,2015-12-03T00:00:00Z,RN9,Negro,Train
0.6,34,76.9,96,NA,7.05,22.6,2015-12-08,2015-12-08T00:00:00Z,RN11,Negro,Train
3.8,45,103.3,110,NA,7.31,23.5,2015-12-08,2015-12-08T00:00:00Z,RN12,Negro,Train
6.2,34,81.8,83,NA,7.66,24.6,2015-12-10,2015-12-10T00:00:00Z,RN13,Negro,Train
1,33,79.4,99,NA,7.22,22.9,2015-12-10,2015-12-10T00:00:00Z,RN14,Negro,Train
1.3,37,89.3,100,NA,7.2,24.2,2015-12-10,2015-12-10T00:00:00Z,RN15,Negro,Train
2.2,43,99.1,100,NA,7.24,24,2015-12-10,2015-12-10T00:00:00Z,RN16,Negro,Train
13,43,103.7,110,NA,7.59,25.6,2015-12-10,2015-12-10T00:00:00Z,RN17,Negro,Train
10.8,44,118.2,190,46,7.99,27.5,2016-02-23,2016-02-23T09:33:00Z,RN1,Negro,Train
9.6,49,114.9,150,22,7.75,28.6,2016-02-23,2016-02-23T11:58:00Z,RN2,Negro,Train
1.8,29,69.8,130,NA,7.85,29.8,2016-02-23,2016-02-23T14:43:00Z,RN3,Negro,Train
6.5,32,70.6,94,NA,7.51,26.9,2016-02-24,2016-02-24T09:33:00Z,RN6,Negro,Train
3.1,31,71.4,96,NA,7.77,27.1,2016-02-24,2016-02-24T10:22:00Z,RN7,Negro,Train
40.4,32,72.5,93,19,8.93,28.2,2016-02-24,2016-02-24T11:50:00Z,RN5,Negro,Train
9,35,74.1,120,NA,7.52,27.6,2016-02-25,2016-02-25T10:20:00Z,RN9,Negro,Train
2.1,36,82.1,130,NA,7.9,28,2016-02-25,2016-02-25T11:30:00Z,RN10,Negro,Train
1.5,36,73.5,110,NA,7.38,26.1,2016-03-01,2016-03-01T10:09:00Z,RN11,Negro,Train
5.8,37,79.5,140,NA,7.32,26.2,2016-03-01,2016-03-01T16:15:00Z,RN14,Negro,Train
3.6,44,91.6,200,7,7.53,24.7,2016-03-02,2016-03-02T10:20:00Z,RN12,Negro,Train
3.3,37,78.7,150,NA,7.47,25.7,2016-03-02,2016-03-02T13:14:00Z,RN13,Negro,Train
4,44,89.4,180,8,7.43,25,2016-03-03,2016-03-03T09:35:00Z,RN15,Negro,Train
4.9,43,89.4,160,8,7.56,25,2016-03-03,2016-03-03T10:01:00Z,RN16,Negro,Train
5.2,43,90.5,160,NA,7.5,25.2,2016-03-03,2016-03-03T12:00:00Z,RN17,Negro,Train
1.3,23,71,120,21.6,6.81,11,2016-05-24,2016-05-24T09:10:00Z,RN1,Negro,Train
1,31,77.3,91,9.4,7.61,13.2,2016-05-24,2016-05-24T12:58:00Z,RN2,Negro,Train
2.2,36,77.8,100,4.6,6.99,14.9,2016-05-24,2016-05-24T14:10:00Z,RN3,Negro,Train
0.3,27,57.9,80,NA,7.06,14.1,2016-05-25,2016-05-25T09:46:00Z,RN5,Negro,Train
0.1,24,58.9,100,7.2,7.23,14.2,2016-05-25,2016-05-25T10:52:00Z,RN6,Negro,Train
0.3,24,58.4,83,NA,7.15,14.3,2016-05-25,2016-05-25T12:08:00Z,RN7,Negro,Train
0.3,27,62.5,85,NA,7.24,14.1,2016-05-26,2016-05-26T11:00:00Z,RN9,Negro,Train
1.3,26,63.1,84,9.2,7.07,14.3,2016-05-26,2016-05-26T11:42:00Z,RN10,Negro,Train
0.3,29,65.1,84,NA,6.78,14.2,2016-05-31,2016-05-31T10:09:00Z,RN11,Negro,Train
0.7,100,221,140,NA,7.05,13.4,2016-05-31,2016-05-31T10:28:00Z,RN12,Negro,Train
0.6,30,70.9,89,NA,7.06,14.2,2016-06-01,2016-06-01T13:00:00Z,RN13,Negro,Train
0.3,32,71.9,89,NA,7.35,14.3,2016-06-01,2016-06-01T14:19:00Z,RN14,Negro,Train
0.3,37,83.2,93,NA,7.08,13.7,2016-06-02,2016-06-02T09:35:00Z,RN15,Negro,Train
NA,38,85.7,94,NA,7.45,13.6,2016-06-02,2016-06-02T09:52:00Z,RN16,Negro,Train
NA,38,86.2,100,11,7.35,13.3,2016-06-02,2016-06-02T11:27:00Z,RN17,Negro,Train
1.6,36,82,76,49,7.81,15.6,2016-09-20,2016-09-20T09:40:00Z,RN1,Negro,Train
1.8,35,80.9,42,18,8.23,17.8,2016-09-20,2016-09-20T12:10:00Z,RN2,Negro,Train
1.8,35,74.2,40,NA,7.33,19.7,2016-09-20,2016-09-20T14:12:00Z,RN3,Negro,Train
0.7,28,59.2,47,NA,10.25,14.6,2016-09-21,2016-09-21T10:32:00Z,RN5,Negro,Train
NA,30,58.9,46,NA,7.77,14.4,2016-09-21,2016-09-21T11:55:00Z,RN7,Negro,Train
1.5,29,68.1,36,21,7.55,17,2016-09-21,2016-09-21T13:22:00Z,RN6,Negro,Train
0.1,29,61.9,49,NA,7.52,14.8,2016-09-22,2016-09-22T09:58:00Z,RN9,Negro,Train
0.1,29,63.6,40,14,7.72,15.7,2016-09-22,2016-09-22T11:10:00Z,RN10,Negro,Train
0.7,30,64.8,52,NA,7.57,15.8,2016-09-27,2016-09-27T09:21:00Z,RN11,Negro,Train
3.8,42,89.8,72,NA,7.56,17.1,2016-09-27,2016-09-27T11:26:00Z,RN12,Negro,Train
1,37,83.5,67,NA,7.62,18.9,2016-09-28,2016-09-28T10:16:00Z,RN13,Negro,Train
0.3,38,78.5,62,5,7.65,16,2016-09-28,2016-09-28T11:22:00Z,RN14,Negro,Train
0.4,42,86,63,NA,7.59,15.6,2016-09-29,2016-09-29T09:26:00Z,RN15,Negro,Train
0.6,43,87.5,65,NA,7.47,15.9,2016-09-29,2016-09-29T09:48:00Z,RN16,Negro,Train
1.5,45,92.3,56,NA,7.67,16.5,2016-09-29,2016-09-29T11:28:00Z,RN17,Negro,Train
8.7,43,67.4,180,51,6.7,22.1,2016-11-22,2016-11-22T10:00:00Z,RN0,Negro,Train
0.6,37,89.2,69,NA,5.77,21.4,2016-11-22,2016-11-22T10:00:00Z,RN10,Negro,Train
0.4,36,87.4,70,NA,6.25,21.2,2016-11-22,2016-11-22T10:00:00Z,RN9,Negro,Train
22.2,44,119.2,140,48,7.38,24.7,2016-11-23,2016-11-23T10:00:00Z,RN1,Negro,Train
3.3,100,224.5,96,NA,7.09,23.8,2016-11-23,2016-11-23T10:00:00Z,RN12,Negro,Train
4.1,44,104.8,71,NA,6.48,24.3,2016-11-23,2016-11-23T10:00:00Z,RN13,Negro,Train
1.2,45,107,78,7,6.15,22.4,2016-11-23,2016-11-23T10:00:00Z,RN14,Negro,Train
0.6,35,58.3,68,NA,6.78,19.9,2016-11-23,2016-11-23T10:00:00Z,RN6,Negro,Train
0.6,36,88.3,66,NA,7.08,20.7,2016-11-23,2016-11-23T10:00:00Z,RN7,Negro,Train
0.3,53,128.1,120,5,7.27,22.8,2016-11-29,2016-11-29T10:00:00Z,RN15,Negro,Train
2.7,36,92.1,100,56,7.03,24.6,2016-11-29,2016-11-29T10:00:00Z,RN2,Negro,Train
1.3,26,67.4,91,NA,6.7,22.1,2016-11-30,2016-11-30T10:00:00Z,RN3,Negro,Train
0.6,36,88,66,NA,7.11,20.8,2016-11-30,2016-11-30T10:00:00Z,RN5,Negro,Train
7.8,38,89.5,69,NA,6.29,23.7,2016-12-01,2016-12-01T10:00:00Z,RN11,Negro,Train
0.6,54,129.4,130,5,7.22,22.8,2016-12-01,2016-12-01T10:00:00Z,RN16,Negro,Train
2.2,55,132.3,160,11,7.2,24,2016-12-01,2016-12-01T10:00:00Z,RN17,Negro,Train
NA,NA,51.2,140,32,7.34,13.7,2017-07-03,2017-07-03T15:47:00Z,RN0,Negro,Train
NA,23,46,120,29,8,12.2,2017-07-04,2017-07-04T09:03:00Z,RN1,Negro,Train
NA,31,60.5,93,21,7.26,13.8,2017-07-04,2017-07-04T09:03:00Z,RN2,Negro,Train
NA,34,67.2,89,NA,7.66,14.6,2017-07-04,2017-07-04T09:03:00Z,RN3,Negro,Train
NA,28,54,80,NA,7.24,13.9,2017-07-05,2017-07-05T09:56:00Z,RN5,Negro,Train
NA,28,54.1,81,NA,6.9,14.1,2017-07-05,2017-07-05T09:56:00Z,RN6,Negro,Train
NA,29,55.8,82,NA,7.77,14.6,2017-07-05,2017-07-05T09:56:00Z,RN7,Negro,Train
NA,30,57.8,84,15,7.14,14.2,2017-07-06,2017-07-06T10:15:00Z,RN10,Negro,Train
NA,31,57.7,79,NA,7.22,14.2,2017-07-06,2017-07-06T10:15:00Z,RN9,Negro,Train
NA,31,58.3,83,NA,7.62,14.2,2017-07-11,2017-07-11T10:30:00Z,RN11,Negro,Train
NA,68,131.3,300,14,7.58,13.9,2017-07-11,2017-07-11T10:30:00Z,RN12,Negro,Train
NA,36,67.7,98,NA,7.89,14.1,2017-07-11,2017-07-11T10:30:00Z,RN13,Negro,Train
NA,35,51.8,96,12,7.81,14.3,2017-07-11,2017-07-11T10:30:00Z,RN14,Negro,Train
NA,40,74.5,110,7,7.62,14.3,2017-07-12,2017-07-12T10:37:00Z,RN15,Negro,Train
NA,42,77.6,120,6,7.57,14.4,2017-07-12,2017-07-12T10:37:00Z,RN16,Negro,Train
NA,45,86.8,140,9,7.49,15,2017-07-12,2017-07-12T10:37:00Z,RN17,Negro,Train
NA,28,74.8,150,42,6.75,18.5,2017-10-02,2017-10-02T15:33:00Z,RN0,Negro,Train
NA,30,72.6,140,42,6.83,17.1,2017-10-03,2017-10-03T09:00:00Z,RN1,Negro,Train
2.6,31,66.9,120,30,6.75,17.6,2017-10-03,2017-10-03T11:12:00Z,RN2,Negro,Train
NA,25,31.9,91,10,7.49,20,2017-10-03,2017-10-03T13:08:00Z,RN3,Negro,Train
NA,26,60.4,95,NA,8.01,17.6,2017-10-04,2017-10-04T09:00:00Z,RN6,Negro,Train
NA,26,57,69,NA,6.4,17.2,2017-10-04,2017-10-04T09:40:00Z,RN5,Negro,Train
NA,26,58.1,68,NA,6.98,17.3,2017-10-04,2017-10-04T10:40:00Z,RN7,Negro,Train
NA,27,59.4,72,NA,7.06,17.6,2017-10-05,2017-10-05T10:30:00Z,RN9,Negro,Train
NA,27,64.3,69,9.4,7.38,19,2017-10-05,2017-10-05T11:35:00Z,RN10,Negro,Train
NA,28,61.4,70,NA,6.4,18.2,2017-10-10,2017-10-10T10:37:00Z,RN11,Negro,Train
NA,86,164,170,NA,7.03,18.1,2017-10-10,2017-10-10T10:37:00Z,RN12,Negro,Train
NA,31,65,80,NA,6.97,17.8,2017-10-11,2017-10-11T12:32:00Z,RN13,Negro,Train
NA,31,66.6,86,NA,7.63,18.1,2017-10-11,2017-10-11T12:46:00Z,RN14,Negro,Train
NA,40,80.1,98,9,7.09,17.2,2017-10-12,2017-10-12T09:59:00Z,RN15,Negro,Train
NA,44,87,110,7,6.89,17.2,2017-10-12,2017-10-12T09:59:00Z,RN16,Negro,Train
NA,39,78.8,NA,NA,7.26,17.3,2017-10-12,2017-10-12T09:59:00Z,RN17,Negro,Train
26,48,218,180,43,7.4,29.1,2018-01-15,2018-01-15T15:05:00Z,RN0,Negro,Train
29,54,189.4,160,61,7.87,26.2,2018-01-16,2018-01-16T08:51:00Z,RN1,Negro,Train
NA,65,181.1,140,53,7.72,28.2,2018-01-16,2018-01-16T11:20:00Z,RN2,Negro,Train
4.2,32,87.1,140,NA,7.85,27.8,2018-01-16,2018-01-16T13:28:00Z,RN3,Negro,Train
2.8,32,79.7,100,NA,7.85,25.5,2018-01-17,2018-01-17T09:20:00Z,RN7,Negro,Train
5.6,33,83.1,110,NA,7.78,26.1,2018-01-17,2018-01-17T10:50:00Z,RN9,Negro,Train
17,33,84.3,100,9.4,8.09,27.3,2018-01-17,2018-01-17T12:00:00Z,RN10,Negro,Train
3.2,31,79.5,100,NA,8.02,25.9,2018-01-18,2018-01-18T08:20:00Z,RN6,Negro,Train
11,31,79.6,100,NA,8.03,26,2018-01-18,2018-01-18T09:00:00Z,RN5,Negro,Train
24,39,118.3,100,5,8.39,28.7,2018-01-23,2018-01-23T10:14:00Z,RN11,Negro,Train
5.8,59,87.2,150,NA,8.93,27.5,2018-01-23,2018-01-23T10:36:00Z,RN12,Negro,Train
5.6,40,100.5,120,NA,7.72,27.1,2018-01-24,2018-01-24T10:38:00Z,RN13,Negro,Train
4.5,43,106.9,150,8,7.6,25.6,2018-01-24,2018-01-24T12:28:00Z,RN14,Negro,Train
2.9,41,99.5,130,NA,7.03,24.9,2018-01-25,2018-01-25T09:56:00Z,RN15,Negro,Train
2.9,41,101.4,120,NA,7.07,25.6,2018-01-25,2018-01-25T10:18:00Z,RN16,Negro,Train
11,46,116.4,150,6,7.08,27.1,2018-01-25,2018-01-25T12:30:00Z,RN17,Negro,Train
9.4,42,146.6,170,24,7.02,25.5,2018-04-09,2018-04-09T14:24:00Z,RN0,Negro,Train
13,44,152,180,34,7.74,23.3,2018-04-10,2018-04-10T09:25:00Z,RN1,Negro,Train
NA,47,147.3,170,13,7.5,24.7,2018-04-10,2018-04-10T11:50:00Z,RN2,Negro,Train
3.2,47,143.9,160,11,7.36,25.1,2018-04-10,2018-04-10T14:20:00Z,RN3,Negro,Train
14,34,84.9,83,NA,7.6,23.1,2018-04-11,2018-04-11T10:22:00Z,RN5,Negro,Train
13,35,75.2,100,NA,7.37,25.8,2018-04-11,2018-04-11T11:33:00Z,RN6,Negro,Train
6.1,34,87.1,83,NA,7.54,23.4,2018-04-11,2018-04-11T12:20:00Z,RN7,Negro,Train
31,38,94.1,85,10,7.8,23,2018-04-12,2018-04-12T11:26:00Z,RN9,Negro,Train
10,38,92.7,87,24,7.57,22.6,2018-04-12,2018-04-12T12:35:00Z,RN10,Negro,Train
6.5,38,89.2,94,5,7.1,21,2018-04-17,2018-04-17T10:35:00Z,RN11,Negro,Train
55,40,94.9,120,12,7.14,21.3,2018-04-17,2018-04-17T11:00:00Z,RN12,Negro,Train
19,38,93.9,100,6,7.11,23.1,2018-04-17,2018-04-17T12:50:00Z,RN13,Negro,Train
NA,43,105.8,100,NA,8.38,27,2018-04-17,2018-04-17T14:10:00Z,RN14,Negro,Train
7.4,42,100.7,94,6,7.26,22.3,2018-04-18,2018-04-18T10:00:00Z,RN15,Negro,Train
14,41,99.3,97,6,7.35,22.5,2018-04-18,2018-04-18T10:18:00Z,RN16,Negro,Train
26,51,115.1,120,13,8.17,23.5,2018-04-18,2018-04-18T12:00:00Z,RN17,Negro,Train
NA,49,120.7,280,87,NA,16,2018-07-02,2018-07-02T15:16:00Z,RN0,Negro,Train
NA,23,52.3,130,72,6.92,13.5,2018-07-03,2018-07-03T09:15:00Z,RN1,Negro,Train
NA,27,51.2,100,81,7.59,14,2018-07-03,2018-07-03T11:26:00Z,RN2,Negro,Train
NA,46,82.6,100,39,7.62,13.6,2018-07-03,2018-07-03T13:30:00Z,RN3,Negro,Train
NA,37,72.5,110,NA,7.27,12.4,2018-07-04,2018-07-04T10:06:00Z,RN6,Negro,Train
NA,37,68.2,110,NA,7.3,11.6,2018-07-04,2018-07-04T11:49:00Z,RN7,Negro,Train
NA,44,73.5,110,NA,7.21,11.7,2018-07-05,2018-07-05T10:38:00Z,RN9,Negro,Train
NA,43,75.1,110,NA,7.72,11.6,2018-07-05,2018-07-05T12:27:00Z,RN10,Negro,Train
NA,40,69.5,140,NA,7.53,11.3,2018-07-10,2018-07-10T10:45:00Z,RN11,Negro,Train
NA,75,132.5,150,NA,7.54,10.9,2018-07-10,2018-07-10T11:00:00Z,RN12,Negro,Train
NA,50,85.1,120,NA,7.74,11.7,2018-07-10,2018-07-10T12:35:00Z,RN14,Negro,Train
NA,50,85.2,120,NA,7.48,11.7,2018-07-10,2018-07-10T13:07:00Z,RN13,Negro,Train
NA,57,93.4,120,9,7.62,11.2,2018-07-11,2018-07-11T10:15:00Z,RN15,Negro,Train
NA,58,94.3,130,11,7.55,11.1,2018-07-11,2018-07-11T10:30:00Z,RN16,Negro,Train
NA,79,132.4,120,5,7.83,12.8,2018-07-11,2018-07-11T12:07:00Z,RN17,Negro,Train
NA,36,80.6,150,68,6.56,18.3,2018-09-25,2018-09-25T09:15:00Z,RN1,Negro,Train
5.3,33,73.9,140,38,6.03,19,2018-09-25,2018-09-25T11:40:00Z,RN2,Negro,Train
2.3,31,72.2,110,NA,6.01,19.4,2018-09-25,2018-09-25T13:30:00Z,RN3,Negro,Train
NA,36,76.9,86,NA,5.84,18.3,2018-09-26,2018-09-26T09:50:00Z,RN9,Negro,Train
NA,38,79.1,91,NA,6.55,18,2018-09-26,2018-09-26T11:15:00Z,RN10,Negro,Train
NA,30,65.5,89,NA,6.51,17.5,2018-09-26,2018-09-26T12:30:00Z,RN7,Negro,Train
3.7,30,66.5,85,NA,7.26,17.6,2018-09-27,2018-09-27T10:25:00Z,RN5,Negro,Train
NA,31,68.4,110,16,7.41,17.4,2018-09-27,2018-09-27T11:05:00Z,RN6,Negro,Train
NA,34,70.7,90,NA,7.01,18,2018-10-02,2018-10-02T10:30:00Z,RN11,Negro,Train
NA,73,158,160,NA,7.42,18.3,2018-10-02,2018-10-02T10:50:00Z,RN12,Negro,Train
NA,35,80.5,110,11,7.41,19.1,2018-10-02,2018-10-02T12:45:00Z,RN14,Negro,Train
NA,34,76.1,99,NA,7.13,18.8,2018-10-02,2018-10-02T13:10:00Z,RN13,Negro,Train
NA,38,97.7,110,12,7.03,17.5,2018-10-03,2018-10-03T09:44:00Z,RN15,Negro,Train
NA,38,80.8,120,13,6.91,17.4,2018-10-03,2018-10-03T10:00:00Z,RN16,Negro,Train
NA,40,85.8,63,19,6.8,17.6,2018-10-03,2018-10-03T11:25:00Z,RN17,Negro,Train
NA,NA,54.3,70,10,6.8,17.2,2014-07-22,2014-07-22T00:00:00Z,RU0,Uruguay,Train
0.1,30,42.3,71,10,6.84,17,2014-07-22,2014-07-22T00:00:00Z,RU1,Uruguay,Train
0.1,33,63.5,76,6,7.02,16.1,2014-07-22,2014-07-22T00:00:00Z,RU2,Uruguay,Train
0.3,34,63,66,7,6.48,16.5,2014-07-22,2014-07-22T00:00:00Z,RU3,Uruguay,Train
0.3,26,55.7,73,9,6.88,16.9,2014-07-22,2014-07-22T00:00:00Z,RU4,Uruguay,Train
0.1,28,55.4,67,11,6.99,17.1,2014-07-22,2014-07-22T00:00:00Z,RU5,Uruguay,Train
0.1,31,61.7,76,8,6.95,16.9,2014-07-22,2014-07-22T00:00:00Z,RU6,Uruguay,Train
0.1,33,57.2,69,8,7.16,16.9,2014-07-22,2014-07-22T00:00:00Z,RU7,Uruguay,Train
0.1,32,61.8,79,7,7.2,17,2014-07-22,2014-07-22T00:00:00Z,RU8,Uruguay,Train
0.1,38,64.5,140,16,6.55,16.2,2014-07-23,2014-07-23T00:00:00Z,RU10,Uruguay,Train
0.6,30,60.5,82,10,6.64,16.5,2014-07-23,2014-07-23T00:00:00Z,RU11,Uruguay,Train
0.1,31,59.7,120,11,6.72,16.8,2014-07-23,2014-07-23T00:00:00Z,RU12,Uruguay,Train
0.1,31,62.8,190,10,7.02,16.8,2014-07-23,2014-07-23T00:00:00Z,RU13,Uruguay,Train
0.1,31,64.2,90,22,6.79,16.3,2014-07-23,2014-07-23T00:00:00Z,RU14,Uruguay,Train
0.1,24,58.5,79,10,6.96,16.1,2014-07-23,2014-07-23T00:00:00Z,RU15,Uruguay,Train
0.1,34,65.7,130,35,7.02,16.3,2014-07-23,2014-07-23T00:00:00Z,RU16,Uruguay,Train
0.1,40,69.8,140,9,6.41,16.2,2014-07-23,2014-07-23T00:00:00Z,RU9,Uruguay,Train
NA,NA,55,90,10,7.18,20.4,2014-10-21,2014-10-21T00:00:00Z,RU0,Uruguay,Train
0.1,26,49.6,96,8,7.22,20.8,2014-10-21,2014-10-21T00:00:00Z,RU1,Uruguay,Train
NA,34,52.2,130,5,7.03,20.8,2014-10-21,2014-10-21T00:00:00Z,RU2,Uruguay,Train
0.3,33,53.8,110,6,7.19,21,2014-10-21,2014-10-21T00:00:00Z,RU3,Uruguay,Train
1.3,24,58.5,80,8,7.68,23.9,2014-10-21,2014-10-21T00:00:00Z,RU4,Uruguay,Train
0.1,27,55.4,87,7,7.22,23,2014-10-21,2014-10-21T00:00:00Z,RU5,Uruguay,Train
NA,34,56.3,94,5,7.28,22.7,2014-10-21,2014-10-21T00:00:00Z,RU6,Uruguay,Train
0.4,28,54.5,100,6,7.35,22,2014-10-21,2014-10-21T00:00:00Z,RU7,Uruguay,Train
NA,31,56.2,110,5,7.39,23,2014-10-21,2014-10-21T00:00:00Z,RU8,Uruguay,Train
1.2,46,62.7,87,5,7.43,19.4,2014-10-22,2014-10-22T00:00:00Z,RU10,Uruguay,Train
0.6,32,51.2,67,6,7.28,19.9,2014-10-22,2014-10-22T00:00:00Z,RU11,Uruguay,Train
0.4,30,51.1,70,6,7.25,20.4,2014-10-22,2014-10-22T00:00:00Z,RU12,Uruguay,Train
0.8,34,59.3,73,8,7.25,22.1,2014-10-22,2014-10-22T00:00:00Z,RU13,Uruguay,Train
0.3,34,56.3,81,8,7.2,21,2014-10-22,2014-10-22T00:00:00Z,RU14,Uruguay,Train
0.6,24,51.9,65,11,7.35,20.8,2014-10-22,2014-10-22T00:00:00Z,RU15,Uruguay,Train
0.7,38,56.2,20,5,8,21.1,2014-10-22,2014-10-22T00:00:00Z,RU16,Uruguay,Train
1,39,80.6,87,5,7.53,19.2,2014-10-22,2014-10-22T00:00:00Z,RU9,Uruguay,Train
NA,NA,70.2,56,7,7.66,26,2014-12-16,2014-12-16T00:00:00Z,RU0,Uruguay,Train
0.6,33,69.6,66,4,7.42,25.4,2014-12-16,2014-12-16T00:00:00Z,RU1,Uruguay,Train
0.4,35,72.6,69,2,7.32,25,2014-12-16,2014-12-16T00:00:00Z,RU2,Uruguay,Train
0.7,34,70.1,61,5,7.52,25.3,2014-12-16,2014-12-16T00:00:00Z,RU3,Uruguay,Train
2.2,34,65.9,58,9,7.42,24.4,2014-12-16,2014-12-16T00:00:00Z,RU4,Uruguay,Train
NA,34,69.6,63,5,7.63,25,2014-12-16,2014-12-16T00:00:00Z,RU5,Uruguay,Train
2.5,34,72.1,60,4,7.45,25.6,2014-12-16,2014-12-16T00:00:00Z,RU6,Uruguay,Train
NA,32,69.8,58,5,7.51,25.8,2014-12-16,2014-12-16T00:00:00Z,RU7,Uruguay,Train
0.3,35,72.7,65,4,7.04,25.5,2014-12-16,2014-12-16T00:00:00Z,RU8,Uruguay,Train
0.4,35,72.3,71,3,7.46,25.5,2014-12-17,2014-12-17T00:00:00Z,RU10,Uruguay,Train
0.4,35,72.7,69,2,7.48,25.4,2014-12-17,2014-12-17T00:00:00Z,RU11,Uruguay,Train
1.2,35,74.4,60,3,7.58,25.5,2014-12-17,2014-12-17T00:00:00Z,RU12,Uruguay,Train
0.3,36,80.1,79,5,7.74,27.5,2014-12-17,2014-12-17T00:00:00Z,RU13,Uruguay,Train
0.6,37,76.8,70,5,7.54,257,2014-12-17,2014-12-17T00:00:00Z,RU14,Uruguay,Train
1.8,35,71.2,64,5,7.58,25.7,2014-12-17,2014-12-17T00:00:00Z,RU15,Uruguay,Train
1,47,100,94,45,7.68,27.8,2014-12-17,2014-12-17T00:00:00Z,RU16,Uruguay,Train
1.8,43,58.5,100,8,7.55,24.7,2014-12-17,2014-12-17T00:00:00Z,RU9,Uruguay,Train
NA,NA,58.3,52,NA,7.38,27.8,2015-02-24,2015-02-24T00:00:00Z,RU0,Uruguay,Train
0.6,25,67.7,47,3,7.17,26.1,2015-02-24,2015-02-24T00:00:00Z,RU1,Uruguay,Train
3.8,38,66.4,59,10,7.08,25.5,2015-02-24,2015-02-24T00:00:00Z,RU10,Uruguay,Train
0.3,29,65.6,52,3,7.05,25.7,2015-02-24,2015-02-24T00:00:00Z,RU11,Uruguay,Train
NA,30,58.3,47,NA,6.97,25.8,2015-02-24,2015-02-24T00:00:00Z,RU12,Uruguay,Train
0.9,28,66.8,170,1,6.92,25.8,2015-02-24,2015-02-24T00:00:00Z,RU2,Uruguay,Train
1.8,28,69.3,53,2,6.82,25.9,2015-02-24,2015-02-24T00:00:00Z,RU3,Uruguay,Train
5.3,29,63.6,59,2,6.77,27,2015-02-24,2015-02-24T00:00:00Z,RU4,Uruguay,Train
2.4,26,70.7,56,NA,6.96,26.4,2015-02-24,2015-02-24T00:00:00Z,RU5,Uruguay,Train
0.6,27,71,32,2,7.03,26.6,2015-02-24,2015-02-24T00:00:00Z,RU6,Uruguay,Train
2.1,27,70,51,2,6.52,26.2,2015-02-24,2015-02-24T00:00:00Z,RU7,Uruguay,Train
0.3,28,72.1,46,1,7.18,26.3,2015-02-24,2015-02-24T00:00:00Z,RU8,Uruguay,Train
15,44,78.4,47,9,7.36,25,2015-02-24,2015-02-24T00:00:00Z,RU9,Uruguay,Train
0.6,29,67.6,46,3,7.03,25.1,2015-02-25,2015-02-25T00:00:00Z,RU13,Uruguay,Train
1.8,28,71.2,52,2,6.63,25.8,2015-02-25,2015-02-25T00:00:00Z,RU14,Uruguay,Train
1.8,31,59,51,3,6.91,25.9,2015-02-25,2015-02-25T00:00:00Z,RU15,Uruguay,Train
9.5,33,70.7,54,6,7.37,25.6,2015-02-25,2015-02-25T00:00:00Z,RU16,Uruguay,Train
NA,NA,59.4,69,3,7.09,19.7,2015-04-20,2015-04-20T00:00:00Z,RU0,Uruguay,Train
NA,NA,58,68,3,6.69,18.5,2015-04-20,2015-04-20T00:00:00Z,RU1,Uruguay,Train
NA,NA,58,70,3,7.41,18.2,2015-04-20,2015-04-20T00:00:00Z,RU2,Uruguay,Train
2.2,27,57.7,68,2,6.58,19.3,2015-04-20,2015-04-20T00:00:00Z,RU3,Uruguay,Train
20.3,27,55.8,66,10,7.67,18.6,2015-04-20,2015-04-20T00:00:00Z,RU4,Uruguay,Train
6.4,27,57.6,81,2,7.52,19,2015-04-20,2015-04-20T00:00:00Z,RU5,Uruguay,Train
5.2,26,59,68,3,7.55,19.7,2015-04-20,2015-04-20T00:00:00Z,RU6,Uruguay,Train
3.7,27,58.4,69,4,6.97,18.8,2015-04-20,2015-04-20T00:00:00Z,RU7,Uruguay,Train
5,28,60,61,3,7.55,19.1,2015-04-20,2015-04-20T00:00:00Z,RU8,Uruguay,Train
5.3,28,63.2,73,2,7.1,18.8,2015-04-21,2015-04-21T00:00:00Z,RU10,Uruguay,Train
2.6,27,61.35,76,6,7.37,18.6,2015-04-21,2015-04-21T00:00:00Z,RU11,Uruguay,Train
6.5,27,59.1,70,4,8.81,18.8,2015-04-21,2015-04-21T00:00:00Z,RU12,Uruguay,Train
23.8,28,64.2,84,5,7.13,19.5,2015-04-21,2015-04-21T00:00:00Z,RU13,Uruguay,Train
5.5,29,66.6,69,2,7.63,19.1,2015-04-21,2015-04-21T00:00:00Z,RU14,Uruguay,Train
4.6,27,57,68,3,7.34,18.9,2015-04-21,2015-04-21T00:00:00Z,RU15,Uruguay,Train
19.2,30,63.5,74,2,7.22,18.7,2015-04-21,2015-04-21T00:00:00Z,RU16,Uruguay,Train
3.6,28,68,73,3,7.11,18.3,2015-04-21,2015-04-21T00:00:00Z,RU9,Uruguay,Train
NA,NA,59.4,71,3,6.84,15.2,2015-06-23,2015-06-23T00:00:00Z,RU0,Uruguay,Train
0.1,29,62,65,3,6.48,14.4,2015-06-23,2015-06-23T00:00:00Z,RU1,Uruguay,Train
0.5,28,60.3,64,1,6.85,13.8,2015-06-23,2015-06-23T00:00:00Z,RU2,Uruguay,Train
NA,28,60.9,63,2,7.5,14.5,2015-06-23,2015-06-23T00:00:00Z,RU3,Uruguay,Train
NA,25,53.6,72,6,7.4,12.5,2015-06-23,2015-06-23T00:00:00Z,RU4,Uruguay,Train
0.4,27,59.9,69,3,7.38,14.4,2015-06-23,2015-06-23T00:00:00Z,RU5,Uruguay,Train
0.4,27,60.5,67,2,6.99,14.6,2015-06-23,2015-06-23T00:00:00Z,RU6,Uruguay,Train
0.6,27,60.5,65,3,7.68,14.6,2015-06-23,2015-06-23T00:00:00Z,RU7,Uruguay,Train
0.4,27,59.9,66,2,7.3,14.7,2015-06-23,2015-06-23T00:00:00Z,RU8,Uruguay,Train
0.6,32,59.5,67,2,7.36,12.8,2015-06-24,2015-06-24T00:00:00Z,RU10,Uruguay,Train
0.1,33,61.5,66,3,6.87,13.8,2015-06-24,2015-06-24T00:00:00Z,RU11,Uruguay,Train
0.1,34,62.9,66,4,6.88,14.1,2015-06-24,2015-06-24T00:00:00Z,RU12,Uruguay,Train
0.4,33,61.8,65,3,7.57,13.9,2015-06-24,2015-06-24T00:00:00Z,RU13,Uruguay,Train
NA,32,60.7,68,1,7.34,13.5,2015-06-24,2015-06-24T00:00:00Z,RU14,Uruguay,Train
NA,32,59.9,66,7,7.36,14.2,2015-06-24,2015-06-24T00:00:00Z,RU15,Uruguay,Train
0.6,32,61.6,65,1,7.43,13.1,2015-06-24,2015-06-24T00:00:00Z,RU16,Uruguay,Train
0.4,33,59.6,68,3,6.65,12.2,2015-06-24,2015-06-24T00:00:00Z,RU9,Uruguay,Train
NA,NA,54.3,140,26,6.8,17.2,2015-08-18,2015-08-18T00:00:00Z,RU0,Uruguay,Train
0.3,26,42.3,170,27,6.84,17,2015-08-18,2015-08-18T00:00:00Z,RU1,Uruguay,Train
0.6,34,63.5,270,4,7.02,16.1,2015-08-18,2015-08-18T00:00:00Z,RU2,Uruguay,Train
NA,30,63,210,11,6.48,16.5,2015-08-18,2015-08-18T00:00:00Z,RU3,Uruguay,Train
0.7,26,55.7,120,9,6.88,16.9,2015-08-18,2015-08-18T00:00:00Z,RU4,Uruguay,Train
0.1,26,55.4,150,23,6.99,17.1,2015-08-18,2015-08-18T00:00:00Z,RU5,Uruguay,Train
0.4,28,61.7,150,8,6.95,16.9,2015-08-18,2015-08-18T00:00:00Z,RU6,Uruguay,Train
0.3,26,57.2,160,24,7.16,16.9,2015-08-18,2015-08-18T00:00:00Z,RU7,Uruguay,Train
0.3,28,61.8,140,7,7.2,17,2015-08-18,2015-08-18T00:00:00Z,RU8,Uruguay,Train
0.3,31,64.5,160,6,6.55,16.2,2015-08-19,2015-08-19T00:00:00Z,RU10,Uruguay,Train
0.5,30,60.5,160,11,6.64,16.5,2015-08-19,2015-08-19T00:00:00Z,RU11,Uruguay,Train
0.3,29,59.7,190,28,6.72,16.8,2015-08-19,2015-08-19T00:00:00Z,RU12,Uruguay,Train
0.1,30,62.8,180,7,7.02,16.8,2015-08-19,2015-08-19T00:00:00Z,RU13,Uruguay,Train
0.3,31,64.2,190,9,6.79,16.3,2015-08-19,2015-08-19T00:00:00Z,RU14,Uruguay,Train
0.4,26,58.5,170,22,6.96,16.1,2015-08-19,2015-08-19T00:00:00Z,RU15,Uruguay,Train
0.1,32,65.7,190,10,7.02,16.3,2015-08-19,2015-08-19T00:00:00Z,RU16,Uruguay,Train
0.3,34,69.8,160,5,6.41,16.2,2015-08-19,2015-08-19T00:00:00Z,RU9,Uruguay,Train
NA,NA,55,68,22,7.18,20.4,2015-10-20,2015-10-20T00:00:00Z,RU0,Uruguay,Train
0.1,19,49.6,68,25,7.22,20.8,2015-10-20,2015-10-20T00:00:00Z,RU1,Uruguay,Train
1,25,52.2,63,9,7.03,20.8,2015-10-20,2015-10-20T00:00:00Z,RU2,Uruguay,Train
0.3,19,53.8,76,18,7.19,21,2015-10-20,2015-10-20T00:00:00Z,RU3,Uruguay,Train
0.7,19,58.5,51,5,7.68,23.9,2015-10-20,2015-10-20T00:00:00Z,RU4,Uruguay,Train
0.3,19,55.4,68,28,7.22,23,2015-10-20,2015-10-20T00:00:00Z,RU5,Uruguay,Train
0.1,20,56.3,59,9,7.28,22.7,2015-10-20,2015-10-20T00:00:00Z,RU6,Uruguay,Train
0.4,19,54.5,75,23,7.35,22,2015-10-20,2015-10-20T00:00:00Z,RU7,Uruguay,Train
0.6,20,56.2,67,16,7.39,23,2015-10-20,2015-10-20T00:00:00Z,RU8,Uruguay,Train
0.4,20,62.7,65,11,7.43,19.4,2015-10-21,2015-10-21T00:00:00Z,RU10,Uruguay,Train
0.3,22,51.2,63,16,7.28,19.9,2015-10-21,2015-10-21T00:00:00Z,RU11,Uruguay,Train
0.4,20,51.1,69,20,7.25,20.4,2015-10-21,2015-10-21T00:00:00Z,RU12,Uruguay,Train
0.6,22,59.3,64,9,7.25,22.1,2015-10-21,2015-10-21T00:00:00Z,RU13,Uruguay,Train
0.1,22,56.3,65,9,7.2,21,2015-10-21,2015-10-21T00:00:00Z,RU14,Uruguay,Train
0.7,19,51.9,78,22,7.35,20.8,2015-10-21,2015-10-21T00:00:00Z,RU15,Uruguay,Train
0.4,22,56.2,60,4,8,21.1,2015-10-21,2015-10-21T00:00:00Z,RU16,Uruguay,Train
0.4,23,80.6,60,7,7.53,19.2,2015-10-21,2015-10-21T00:00:00Z,RU9,Uruguay,Train
NA,NA,58.7,240,3,6.58,29.8,2016-01-26,2016-01-26T00:00:00Z,RU0,Uruguay,Train
1.5,27,59,230,3,6.58,29.2,2016-01-26,2016-01-26T00:00:00Z,RU1,Uruguay,Train
1.2,24,60.4,190,1,6.84,28.9,2016-01-26,2016-01-26T00:00:00Z,RU2,Uruguay,Train
1.6,24,58.7,120,3,7.03,29.4,2016-01-26,2016-01-26T00:00:00Z,RU3,Uruguay,Train
5.5,23,58,230,5,7.33,28.2,2016-01-26,2016-01-26T00:00:00Z,RU4,Uruguay,Train
4,23,59,250,2,7.32,29.5,2016-01-26,2016-01-26T00:00:00Z,RU5,Uruguay,Train
3.1,24,60.8,230,2,7.31,29.7,2016-01-26,2016-01-26T00:00:00Z,RU6,Uruguay,Train
4.3,23,58.6,240,4,7.15,29.8,2016-01-26,2016-01-26T00:00:00Z,RU7,Uruguay,Train
5,24,61.6,230,3,7.2,29.6,2016-01-26,2016-01-26T00:00:00Z,RU8,Uruguay,Train
3,27,67.1,230,9,7.35,NA,2016-01-27,2016-01-27T00:00:00Z,RU10,Uruguay,Train
0.9,24,62.6,240,2,7.2,28.1,2016-01-27,2016-01-27T00:00:00Z,RU11,Uruguay,Train
3.7,23,57.8,240,4,7.26,28.5,2016-01-27,2016-01-27T00:00:00Z,RU12,Uruguay,Train
1.8,24,63.7,230,3,7.31,28.6,2016-01-27,2016-01-27T00:00:00Z,RU13,Uruguay,Train
2.2,23,62.3,230,3,7.38,28.1,2016-01-27,2016-01-27T00:00:00Z,RU14,Uruguay,Train
5,24,62.5,120,4,7.3,28.7,2016-01-27,2016-01-27T00:00:00Z,RU15,Uruguay,Train
1.9,24,60.9,230,1,7.43,27.8,2016-01-27,2016-01-27T00:00:00Z,RU16,Uruguay,Train
6.1,24,60.3,230,6,7.22,26.9,2016-01-27,2016-01-27T00:00:00Z,RU9,Uruguay,Train
NA,NA,75.7,140,2,7.7,28.9,2016-03-08,2016-03-08T00:00:00Z,RU0,Uruguay,Train
0.9,31,58,140,2,7.94,26.5,2016-03-08,2016-03-08T00:00:00Z,RU1,Uruguay,Train
0.7,32,56.7,120,1,7.21,26.3,2016-03-08,2016-03-08T00:00:00Z,RU2,Uruguay,Train
2.1,32,55.6,130,2,7.75,26.8,2016-03-08,2016-03-08T00:00:00Z,RU3,Uruguay,Train
7.5,30,51.6,110,7,7.86,27.4,2016-03-08,2016-03-08T00:00:00Z,RU4,Uruguay,Train
1.8,32,55.5,120,2,7.98,26.6,2016-03-08,2016-03-08T00:00:00Z,RU5,Uruguay,Train
4,31,55.1,130,1,8.21,27.2,2016-03-08,2016-03-08T00:00:00Z,RU6,Uruguay,Train
2.8,31,55.2,130,1,6.98,25.9,2016-03-08,2016-03-08T00:00:00Z,RU7,Uruguay,Train
2.1,31,73.1,130,1,6.94,NA,2016-03-08,2016-03-08T00:00:00Z,RU8,Uruguay,Train
5.2,33,69,150,4,7.39,NA,2016-03-09,2016-03-09T00:00:00Z,RU10,Uruguay,Train
1.2,31,67.6,130,2,7.44,NA,2016-03-09,2016-03-09T00:00:00Z,RU11,Uruguay,Train
1,31,69.4,130,2,7.66,NA,2016-03-09,2016-03-09T00:00:00Z,RU12,Uruguay,Train
2.7,31,71.3,130,2,7.49,26.7,2016-03-09,2016-03-09T00:00:00Z,RU13,Uruguay,Train
1.6,31,69.9,130,1,7.56,25.8,2016-03-09,2016-03-09T00:00:00Z,RU14,Uruguay,Train
1.9,31,68.7,120,2,7.58,26.2,2016-03-09,2016-03-09T00:00:00Z,RU15,Uruguay,Train
1.6,32,73.4,130,2,NA,7.56,2016-03-09,2016-03-09T00:00:00Z,RU16,Uruguay,Train
8.3,35,70,130,6,7.34,NA,2016-03-09,2016-03-09T00:00:00Z,RU9,Uruguay,Train
NA,NA,67.2,77,10,7.32,14.6,2016-05-03,2016-05-03T00:00:00Z,RU0,Uruguay,Train
0.1,28,51.9,74,12,7.64,13.8,2016-05-03,2016-05-03T00:00:00Z,RU1,Uruguay,Train
NA,29,52.3,75,2,7.41,13.6,2016-05-03,2016-05-03T00:00:00Z,RU2,Uruguay,Train
0.1,25,53.1,71,9,7.45,14.1,2016-05-03,2016-05-03T00:00:00Z,RU3,Uruguay,Train
1.3,23,49.8,65,4,7.63,12.5,2016-05-03,2016-05-03T00:00:00Z,RU4,Uruguay,Train
3,24,56,73,9,7.43,14.3,2016-05-03,2016-05-03T00:00:00Z,RU5,Uruguay,Train
NA,24,53.4,73,5,7.66,13.5,2016-05-03,2016-05-03T00:00:00Z,RU6,Uruguay,Train
0.4,26,55.6,75,9,7.56,14.1,2016-05-03,2016-05-03T00:00:00Z,RU7,Uruguay,Train
0.1,27,63.7,77,6,7.41,14.3,2016-05-03,2016-05-03T00:00:00Z,RU8,Uruguay,Train
0.1,26,118.3,69,4,7.5,13.8,2016-05-04,2016-05-04T00:00:00Z,RU10,Uruguay,Train
0.1,26,56.7,74,5,7.72,14,2016-05-04,2016-05-04T00:00:00Z,RU11,Uruguay,Train
0.4,25,56.1,69,10,7.33,14.1,2016-05-04,2016-05-04T00:00:00Z,RU12,Uruguay,Train
1.2,27,59.3,76,4,7.4,15.1,2016-05-04,2016-05-04T00:00:00Z,RU13,Uruguay,Train
0.1,26,60.8,82,5,7.6,13.8,2016-05-04,2016-05-04T00:00:00Z,RU14,Uruguay,Train
NA,23,59,71,10,7.21,14.4,2016-05-04,2016-05-04T00:00:00Z,RU15,Uruguay,Train
0.1,29,63.8,76,4,8.5,14.3,2016-05-04,2016-05-04T00:00:00Z,RU16,Uruguay,Train
1.2,30,63.5,82,3,7.22,13.4,2016-05-04,2016-05-04T00:00:00Z,RU9,Uruguay,Train
NA,NA,63.7,82,18,7.15,13,2016-07-05,2016-07-05T00:00:00Z,RU0,Uruguay,Train
0.9,29,48.9,79,16,6.4,12.9,2016-07-05,2016-07-05T00:00:00Z,RU1,Uruguay,Train
NA,40,49.3,130,5,6.68,12.7,2016-07-05,2016-07-05T00:00:00Z,RU2,Uruguay,Train
0.6,30,49.1,74,9,6.26,12.9,2016-07-05,2016-07-05T00:00:00Z,RU3,Uruguay,Train
1.6,29,49.9,67,5,7.72,13,2016-07-05,2016-07-05T00:00:00Z,RU4,Uruguay,Train
0.3,29,49.4,73,11,6.65,12.9,2016-07-05,2016-07-05T00:00:00Z,RU5,Uruguay,Train
0.1,34,54.2,84,6,7.07,14.5,2016-07-05,2016-07-05T00:00:00Z,RU6,Uruguay,Train
0.1,29,49.2,70,10,6.35,13,2016-07-05,2016-07-05T00:00:00Z,RU7,Uruguay,Train
0.4,35,50.5,76,5,5.88,13.3,2016-07-05,2016-07-05T00:00:00Z,RU8,Uruguay,Train
1.3,51,73.5,110,4,7.89,12.9,2016-07-06,2016-07-06T00:00:00Z,RU10,Uruguay,Train
0.9,48,51.3,79,7,7.34,13.3,2016-07-06,2016-07-06T00:00:00Z,RU11,Uruguay,Train
0.3,31,54.5,78,9,7.42,13.2,2016-07-06,2016-07-06T00:00:00Z,RU12,Uruguay,Train
NA,33,81.9,81,6,7.81,14.2,2016-07-06,2016-07-06T00:00:00Z,RU13,Uruguay,Train
0.3,37,56.2,81,8,7.67,14.5,2016-07-06,2016-07-06T00:00:00Z,RU14,Uruguay,Train
0.3,28,50.1,71,15,7.32,13.6,2016-07-06,2016-07-06T00:00:00Z,RU15,Uruguay,Train
3.1,40,59.7,77,15,8.81,15.2,2016-07-06,2016-07-06T00:00:00Z,RU16,Uruguay,Train
0.1,38,54.2,81,4,7.67,12.8,2016-07-06,2016-07-06T00:00:00Z,RU9,Uruguay,Train
0.9,30,61.6,NA,5,7.49,13.7,2016-09-07,2016-09-07T00:00:00Z,RU1,Uruguay,Train
0.3,31,62.7,NA,7,7.68,12.9,2016-09-07,2016-09-07T00:00:00Z,RU2,Uruguay,Train
0.4,30,62.4,NA,6,7.83,13.6,2016-09-07,2016-09-07T00:00:00Z,RU3,Uruguay,Train
0.7,29,60.9,NA,4,7.82,13.3,2016-09-07,2016-09-07T00:00:00Z,RU4,Uruguay,Train
0.7,29,61.1,NA,11,7.72,13.5,2016-09-07,2016-09-07T00:00:00Z,RU5,Uruguay,Train
1.3,27,56.5,NA,31,7.73,12.6,2016-09-07,2016-09-07T00:00:00Z,RU6,Uruguay,Train
0.7,29,61.8,NA,7,7.87,13.4,2016-09-07,2016-09-07T00:00:00Z,RU7,Uruguay,Train
1,30,63.1,NA,9,7.87,13.2,2016-09-07,2016-09-07T00:00:00Z,RU8,Uruguay,Train
1.2,35,71.7,NA,4,7.74,13,2016-09-09,2016-09-09T00:00:00Z,RU10,Uruguay,Train
0.6,33,67.6,NA,4,7.7,13.5,2016-09-09,2016-09-09T00:00:00Z,RU11,Uruguay,Train
0.4,33,69.3,NA,6,7.82,13.7,2016-09-09,2016-09-09T00:00:00Z,RU12,Uruguay,Train
0.4,35,68.2,NA,3,7.92,13.9,2016-09-09,2016-09-09T00:00:00Z,RU13,Uruguay,Train
0.4,36,69.7,NA,4,7.86,13.2,2016-09-09,2016-09-09T00:00:00Z,RU14,Uruguay,Train
0.4,30,63.7,NA,9,7.85,13.8,2016-09-09,2016-09-09T00:00:00Z,RU15,Uruguay,Train
0.4,37,77,NA,10,8.02,13.5,2016-09-09,2016-09-09T00:00:00Z,RU16,Uruguay,Train
0.6,38,75.6,NA,4,7.67,12.8,2016-09-09,2016-09-09T00:00:00Z,RU9,Uruguay,Train
NA,NA,NA,75,12,NA,NA,2016-11-08,2016-11-08T00:00:00Z,RU0,Uruguay,Train
0.7,26,62.8,87,8,7.55,22,2016-11-08,2016-11-08T00:00:00Z,RU1,Uruguay,Train
5.2,31,73.7,76,6,7.43,24.6,2016-11-08,2016-11-08T00:00:00Z,RU10,Uruguay,Train
0.4,30,69.2,77,6,7.49,22.7,2016-11-08,2016-11-08T00:00:00Z,RU11,Uruguay,Train
1.3,31,70.8,66,5,7.31,22.9,2016-11-08,2016-11-08T00:00:00Z,RU2,Uruguay,Train
0.3,30,69.1,76,6,7.35,22.4,2016-11-08,2016-11-08T00:00:00Z,RU3,Uruguay,Train
1.9,23,61,77,15,7.58,23.2,2016-11-08,2016-11-08T00:00:00Z,RU4,Uruguay,Train
0.3,28,63.2,75,6,7.47,22.1,2016-11-08,2016-11-08T00:00:00Z,RU5,Uruguay,Train
0.6,31,69.5,68,6,7.6,22.6,2016-11-08,2016-11-08T00:00:00Z,RU6,Uruguay,Train
0.6,32,69.2,56,5,7.39,22.4,2016-11-08,2016-11-08T00:00:00Z,RU7,Uruguay,Train
0.3,30,70.1,71,5,7.69,23.2,2016-11-08,2016-11-08T00:00:00Z,RU8,Uruguay,Train
0.7,29,72.5,85,4,7.29,24.4,2016-11-08,2016-11-08T00:00:00Z,RU9,Uruguay,Train
0.6,31,67.2,80,8,7.46,22.6,2016-11-09,2016-11-09T00:00:00Z,RU12,Uruguay,Train
1.2,30,70.3,81,7,7.47,23.1,2016-11-09,2016-11-09T00:00:00Z,RU13,Uruguay,Train
NA,31,71,85,4,7.38,23,2016-11-09,2016-11-09T00:00:00Z,RU14,Uruguay,Train
0.7,24,59.4,83,11,7.59,22.8,2016-11-09,2016-11-09T00:00:00Z,RU15,Uruguay,Train
0.7,31,75.4,78,5,7.42,23.5,2016-11-09,2016-11-09T00:00:00Z,RU16,Uruguay,Train
NA,NA,61.1,68,9,7.06,27.6,2017-01-16,2017-01-16T13:40:00Z,RU0,Uruguay,Train
0.9,23,62,74,11,6.85,27.4,2017-01-17,2017-01-17T10:07:00Z,RU1,Uruguay,Train
1.8,17,68.9,88,7,7.3,26.8,2017-01-17,2017-01-17T10:34:00Z,RU2,Uruguay,Train
1,23,62.7,72,10,7.11,27.4,2017-01-17,2017-01-17T11:10:00Z,RU3,Uruguay,Train
4.1,23,61,66,14,6.8,26.6,2017-01-17,2017-01-17T11:35:00Z,RU4,Uruguay,Train
0.7,23,62.5,76,11,6.76,27.4,2017-01-17,2017-01-17T11:57:00Z,RU5,Uruguay,Train
1,25,65.7,78,8,7.2,27.5,2017-01-17,2017-01-17T12:12:00Z,RU6,Uruguay,Train
0.6,24,64.1,73,9,7.3,27.4,2017-01-17,2017-01-17T12:53:00Z,RU7,Uruguay,Train
0.7,25,65.7,63,9,7.22,27.4,2017-01-17,2017-01-17T13:04:00Z,RU8,Uruguay,Train
2.5,30,76.6,110,11,6.76,27.1,2017-01-18,2017-01-18T09:22:00Z,RU9,Uruguay,Train
1.5,24,67.5,79,7,6.83,27.4,2017-01-18,2017-01-18T09:33:00Z,RU10,Uruguay,Train
0.7,23,64.1,79,11,6.79,27.6,2017-01-18,2017-01-18T09:47:00Z,RU11,Uruguay,Train
0.7,22,65.2,73,8,6.92,27.6,2017-01-18,2017-01-18T09:59:00Z,RU12,Uruguay,Train
1.3,23,66.2,73,5,7,27.8,2017-01-18,2017-01-18T10:10:00Z,RU13,Uruguay,Train
1.2,22,64.7,75,11,7.13,27.9,2017-01-18,2017-01-18T11:10:00Z,RU15,Uruguay,Train
1.5,26,71.3,770,8,7.25,28.4,2017-01-18,2017-01-18T11:31:00Z,RU14,Uruguay,Train
2.1,25,72.3,80,10,7.28,27.9,2017-01-18,2017-01-18T11:40:00Z,RU16,Uruguay,Train
NA,NA,68,48,NA,7.25,28.6,2017-03-06,2017-03-06T14:15:00Z,RU0,Uruguay,Train
NA,24,65.9,65,NA,6.96,26.7,2017-03-07,2017-03-07T10:25:00Z,RU1,Uruguay,Train
1.3,25,67.4,71,NA,7.48,26.8,2017-03-07,2017-03-07T10:53:00Z,RU2,Uruguay,Train
1.3,25,66.3,57,NA,7.32,26.9,2017-03-07,2017-03-07T11:31:00Z,RU3,Uruguay,Train
10.2,28,67,57,12,7.76,26.2,2017-03-07,2017-03-07T12:06:00Z,RU4,Uruguay,Train
5.8,24,66.7,66,NA,7.42,27.8,2017-03-07,2017-03-07T12:36:00Z,RU5,Uruguay,Train
NA,24,67.2,66,NA,7.37,27.7,2017-03-07,2017-03-07T12:57:00Z,RU6,Uruguay,Train
0.4,24,66.8,64,NA,7.31,27.7,2017-03-07,2017-03-07T13:36:00Z,RU7,Uruguay,Train
4.4,23,67.9,63,NA,7.41,28,2017-03-07,2017-03-07T13:56:00Z,RU8,Uruguay,Train
3,30,76.4,74,10,7.31,25.8,2017-03-08,2017-03-08T09:45:00Z,RU9,Uruguay,Train
8.4,33,81.4,NA,37,7.26,25.7,2017-03-08,2017-03-08T09:59:00Z,RU10,Uruguay,Train
0.6,25,65.8,68,6,7.25,26.5,2017-03-08,2017-03-08T10:15:00Z,RU11,Uruguay,Train
0.1,25,69.3,69,5,7.2,26.6,2017-03-08,2017-03-08T10:41:00Z,RU12,Uruguay,Train
3,25,69.1,68,5,7.43,26.6,2017-03-08,2017-03-08T11:06:00Z,RU13,Uruguay,Train
3,25,66.2,67,6,7.22,26.8,2017-03-08,2017-03-08T12:50:00Z,RU15,Uruguay,Train
1.5,25,68.3,67,NA,7.38,26.4,2017-03-08,2017-03-08T13:20:00Z,RU14,Uruguay,Train
5.2,28,73.7,66,NA,7.31,26.3,2017-03-08,2017-03-08T13:30:00Z,RU16,Uruguay,Train
NA,NA,51.6,89,NA,7.35,15.3,2017-07-24,2017-07-24T13:49:00Z,RU0,Uruguay,Train
NA,26,52.7,83,NA,7.36,14.9,2017-07-25,2017-07-25T10:21:00Z,RU1,Uruguay,Train
NA,27,53,87,NA,7.29,14.7,2017-07-25,2017-07-25T11:40:00Z,RU2,Uruguay,Train
NA,28,54.6,85,NA,7.33,14.8,2017-07-25,2017-07-25T12:05:00Z,RU3,Uruguay,Train
NA,28,54.5,92,10,7.35,14.7,2017-07-25,2017-07-25T13:05:00Z,RU4,Uruguay,Train
NA,27,54.4,85,NA,7.38,14.7,2017-07-25,2017-07-25T13:34:00Z,RU5,Uruguay,Train
NA,28,55,82,NA,7.19,14.8,2017-07-25,2017-07-25T14:20:00Z,RU6,Uruguay,Train
NA,28,58,86,NA,7.52,14.6,2017-07-25,2017-07-25T14:57:00Z,RU7,Uruguay,Train
NA,28,56,84,NA,7.27,14.6,2017-07-25,2017-07-25T15:31:00Z,RU8,Uruguay,Train
NA,32,65.9,93,NA,7.14,14.9,2017-07-26,2017-07-26T10:11:00Z,RU9,Uruguay,Train
NA,31,60.2,93,NA,7.34,14.9,2017-07-26,2017-07-26T10:26:00Z,RU10,Uruguay,Train
NA,29,55.9,83,NA,7.33,15,2017-07-26,2017-07-26T10:39:00Z,RU11,Uruguay,Train
NA,29,57.3,87,NA,7.6,15.1,2017-07-26,2017-07-26T10:51:00Z,RU12,Uruguay,Train
NA,33,58.6,83,NA,7.45,15.2,2017-07-26,2017-07-26T11:58:00Z,RU13,Uruguay,Train
NA,28,53.7,86,NA,7.39,15.1,2017-07-26,2017-07-26T12:51:00Z,RU15,Uruguay,Train
NA,33,63.1,86,NA,7.46,15.4,2017-07-26,2017-07-26T12:57:00Z,RU14,Uruguay,Train
NA,36,72.2,85,NA,6.95,16.3,2017-07-26,2017-07-26T13:05:00Z,RU16,Uruguay,Train
NA,NA,57.9,86,6,6.96,22.4,2017-11-06,2017-11-06T15:15:00Z,RU0,Uruguay,Train
NA,23,63,67,6,7.09,22.3,2017-11-07,2017-11-07T09:15:00Z,RU1,Uruguay,Train
NA,29,71.9,77,NA,6.94,22.4,2017-11-07,2017-11-07T09:30:00Z,RU2,Uruguay,Train
NA,27,72,73,NA,7.06,22.3,2017-11-07,2017-11-07T09:50:00Z,RU3,Uruguay,Train
4,21,57.4,61,5,7.12,22.2,2017-11-07,2017-11-07T10:10:00Z,RU4,Uruguay,Train
NA,22,62.5,76,6,7.06,22.2,2017-11-07,2017-11-07T10:22:00Z,RU5,Uruguay,Train
NA,27,70,81,NA,7.06,22.4,2017-11-07,2017-11-07T10:35:00Z,RU6,Uruguay,Train
NA,25,66.8,76,5,7.15,22.2,2017-11-07,2017-11-07T11:00:00Z,RU7,Uruguay,Train
NA,26,69.5,73,NA,7.08,22.5,2017-11-07,2017-11-07T11:12:00Z,RU8,Uruguay,Train
3.2,29,74.1,86,5,7.28,21.8,2017-11-08,2017-11-08T08:40:00Z,RU9,Uruguay,Train
NA,28,72.7,74,NA,7.18,22.1,2017-11-08,2017-11-08T08:50:00Z,RU10,Uruguay,Train
NA,28,71.4,74,NA,7.03,22.1,2017-11-08,2017-11-08T09:00:00Z,RU11,Uruguay,Train
NA,25,69.3,67,NA,7.18,22.2,2017-11-08,2017-11-08T09:20:00Z,RU12,Uruguay,Train
NA,27,72,68,NA,7.19,22.4,2017-11-08,2017-11-08T09:35:00Z,RU13,Uruguay,Train
NA,20,58.7,69,6,7.11,22.6,2017-11-08,2017-11-08T10:35:00Z,RU15,Uruguay,Train
NA,27,71.9,85,NA,7.07,22.7,2017-11-08,2017-11-08T10:45:00Z,RU14,Uruguay,Train
NA,26,73.1,71,NA,7.12,23.6,2017-11-08,2017-11-08T10:45:00Z,RU16,Uruguay,Train
NA,NA,78.9,83,6,8.88,NA,2018-01-08,2018-01-08T13:25:00Z,RU0,Uruguay,Train
10,26,75.9,56,6,8.1,NA,2018-01-09,2018-01-09T08:00:00Z,RU1,Uruguay,Train
NA,29,74.6,82,NA,7.15,NA,2018-01-09,2018-01-09T08:45:00Z,RU2,Uruguay,Train
4.6,29,75.7,120,NA,7.7,NA,2018-01-09,2018-01-09T09:00:00Z,RU3,Uruguay,Train
6.5,29,75.6,77,5,7.92,NA,2018-01-09,2018-01-09T09:45:00Z,RU5,Uruguay,Train
7.3,29,75.8,64,NA,7.92,NA,2018-01-09,2018-01-09T10:10:00Z,RU6,Uruguay,Train
8.5,29,80.1,60,5,7.9,NA,2018-01-09,2018-01-09T10:50:00Z,RU7,Uruguay,Train
8.8,30,84.4,58,NA,7.91,NA,2018-01-09,2018-01-09T11:10:00Z,RU8,Uruguay,Train
14,31,79.4,61,12,8.48,NA,2018-01-10,2018-01-10T08:20:00Z,RU9,Uruguay,Train
14,31,79.8,64,29,7.78,NA,2018-01-10,2018-01-10T08:35:00Z,RU10,Uruguay,Train
7.2,29,77.6,63,5,7.08,NA,2018-01-10,2018-01-10T08:50:00Z,RU11,Uruguay,Train
8,29,78.8,66,NA,7.89,NA,2018-01-10,2018-01-10T09:10:00Z,RU12,Uruguay,Train
7.9,30,82.3,75,5,7.14,NA,2018-01-10,2018-01-10T09:35:00Z,RU13,Uruguay,Train
11,29,78.7,72,6,7.96,NA,2018-01-10,2018-01-10T10:45:00Z,RU15,Uruguay,Train
17,31,82.4,47,7,NA,NA,2018-01-10,2018-01-10T11:15:00Z,RU14,Uruguay,Train
12,31,82.1,58,5,NA,NA,2018-01-10,2018-01-10T11:35:00Z,RU16,Uruguay,Train
NA,NA,81.9,100,NA,7.15,27.6,2018-03-05,2018-03-05T15:30:00Z,RU0,Uruguay,Train
NA,23,81,100,NA,7.49,26.7,2018-03-06,2018-03-06T08:22:00Z,RU1,Uruguay,Train
NA,23,80.9,83,NA,7.59,26.5,2018-03-06,2018-03-06T08:49:00Z,RU2,Uruguay,Train
NA,23,83.6,82,NA,7.59,26.6,2018-03-06,2018-03-06T09:31:00Z,RU3,Uruguay,Train
2.3,23,79.9,80,NA,7.65,26,2018-03-06,2018-03-06T10:05:00Z,RU4,Uruguay,Train
NA,23,83,87,NA,7.6,26.6,2018-03-06,2018-03-06T10:22:00Z,RU5,Uruguay,Train
NA,23,85.1,85,NA,7.61,26.4,2018-03-06,2018-03-06T10:56:00Z,RU6,Uruguay,Train
NA,22,82.1,91,NA,7.59,26.6,2018-03-06,2018-03-06T11:16:00Z,RU7,Uruguay,Train
2.4,23,82.9,170,NA,7.63,26.5,2018-03-06,2018-03-06T12:00:00Z,RU8,Uruguay,Train
2.2,22,78.1,120,6,7.78,23.8,2018-03-07,2018-03-07T08:10:00Z,RU9,Uruguay,Train
2.6,24,85.3,140,NA,7.76,25.3,2018-03-07,2018-03-07T08:35:00Z,RU10,Uruguay,Train
4.6,27,85,140,NA,7.68,25.9,2018-03-07,2018-03-07T08:50:00Z,RU11,Uruguay,Train
2.3,26,83.6,130,NA,7.67,26,2018-03-07,2018-03-07T09:05:00Z,RU12,Uruguay,Train
NA,27,90.2,90,NA,7.7,26.1,2018-03-07,2018-03-07T09:50:00Z,RU13,Uruguay,Train
NA,22,80.6,150,NA,7.74,26.3,2018-03-07,2018-03-07T11:45:00Z,RU14,Uruguay,Train
3.4,22,78.8,940,NA,7.7,25,2018-03-07,2018-03-07T12:30:00Z,RU15,Uruguay,Train
3.3,21,80.2,90,NA,7.88,26,2018-03-07,2018-03-07T12:45:00Z,RU16,Uruguay,Train
NA,NA,77.8,120,21,6.37,21.3,2018-05-07,2018-05-07T14:20:00Z,RU0,Uruguay,Train
NA,30,81.6,130,14,6.57,21.5,2018-05-08,2018-05-08T09:30:00Z,RU1,Uruguay,Train
NA,34,92.8,120,5,6.61,21,2018-05-08,2018-05-08T09:45:00Z,RU2,Uruguay,Train
NA,32,88.1,120,8,7.01,21.3,2018-05-08,2018-05-08T10:10:00Z,RU3,Uruguay,Train
NA,29,78.6,110,13,7.2,20.7,2018-05-08,2018-05-08T10:45:00Z,RU4,Uruguay,Train
NA,33,88.3,140,8,7.15,21.3,2018-05-08,2018-05-08T11:00:00Z,RU6,Uruguay,Train
NA,31,84,120,12,7.12,21.4,2018-05-08,2018-05-08T11:10:00Z,RU5,Uruguay,Train
NA,32,87.7,130,11,7.24,21.4,2018-05-08,2018-05-08T11:50:00Z,RU7,Uruguay,Train
NA,33,88.7,130,9,7.24,21.2,2018-05-08,2018-05-08T12:25:00Z,RU8,Uruguay,Train
NA,49,124,180,10,7.55,20.2,2018-05-09,2018-05-09T08:55:00Z,RU9,Uruguay,Train
2.9,38,99.5,160,8,7.45,20.8,2018-05-09,2018-05-09T09:10:00Z,RU10,Uruguay,Train
NA,30,84.4,130,9,7.16,21.1,2018-05-09,2018-05-09T09:20:00Z,RU11,Uruguay,Train
NA,28,79,110,14,7.16,21.3,2018-05-09,2018-05-09T09:30:00Z,RU12,Uruguay,Train
2.4,31,86.6,130,7,7.19,21.4,2018-05-09,2018-05-09T10:08:00Z,RU13,Uruguay,Train
2.3,27,76.3,130,26,6.88,21.5,2018-05-09,2018-05-09T11:08:00Z,RU15,Uruguay,Train
NA,33,91.1,130,6,7.12,21,2018-05-09,2018-05-09T11:37:00Z,RU14,Uruguay,Train
NA,36,99.6,130,6,7.39,20.8,2018-05-09,2018-05-09T11:45:00Z,RU16,Uruguay,Train
NA,43,83.8,110,20,6.7,14,2018-09-04,2018-09-04T09:45:00Z,RU1,Uruguay,Train
NA,43,83,89,6,6.8,13.6,2018-09-04,2018-09-04T10:00:00Z,RU2,Uruguay,Train
NA,44,85.4,100,14,6.94,13.9,2018-09-04,2018-09-04T10:15:00Z,RU3,Uruguay,Train
2.3,33,67,66,NA,6.81,13.2,2018-09-04,2018-09-04T10:30:00Z,RU4,Uruguay,Train
NA,41,82.5,96,18,7.05,14,2018-09-04,2018-09-04T10:40:00Z,RU5,Uruguay,Train
NA,44,85.4,100,8,7.13,14,2018-09-04,2018-09-04T10:45:00Z,RU6,Uruguay,Train
NA,43,84.2,130,17,7.09,14.2,2018-09-04,2018-09-04T11:00:00Z,RU7,Uruguay,Train
NA,44,86.5,100,6,7.3,14.5,2018-09-04,2018-09-04T11:30:00Z,RU8,Uruguay,Train
NA,NA,75.5,100,30,7.04,14.6,2018-09-04,2018-09-04T13:30:00Z,RU0,Uruguay,Train
NA,62,120.6,99,5,7.37,14.7,2018-09-05,2018-09-05T08:50:00Z,RU9,Uruguay,Train
NA,45,87.5,92,11,7.21,14.2,2018-09-05,2018-09-05T09:20:00Z,RU11,Uruguay,Train
NA,41,78.2,88,24,7.14,14.2,2018-09-05,2018-09-05T09:35:00Z,RU12,Uruguay,Train
NA,46,91.7,99,13,7.19,14.3,2018-09-05,2018-09-05T09:45:00Z,RU13,Uruguay,Train
NA,55,101.7,98,5,7.32,14.1,2018-09-05,2018-09-05T09:50:00Z,RU10,Uruguay,Train
NA,38,75.2,110,45,6.88,14.3,2018-09-05,2018-09-05T10:30:00Z,RU15,Uruguay,Train
NA,46,91.1,110,13,7.09,14.3,2018-09-05,2018-09-05T10:47:00Z,RU14,Uruguay,Train
NA,46,92.3,97,NA,7.34,14.5,2018-09-05,2018-09-05T11:00:00Z,RU16,Uruguay,Train
