Fecha,Estación,Alcalinidad Total (mg CaCO3/L),Clorofila a (µg/L),Conductividad (µS/cm),Fosfato (ortofosfato) (µg PO4-P/L),Fósforo total (µg P/L),Ion Nitrito (mg NO2-N/L),Nitrato (mg NO3-N/L),Nitrógeno Amoniacal (amonio) (mg NH4-N/L),Nitrógeno total (mg N/L),Oxigeno disuelto (mg/L),Potencial de hidrogeno (pH) (sin unid),Sólidos suspendidos totales (mg/L),Temperatura (ºC),Turbidez (NTU)
24/02/2015 0:00,RU0,,,58.3,,52,,,,,7.48,7.38,,27.8,
24/02/2015 0:00,RU1,25,0.6,67.7,0.023,47,0.004,0.65,,0.66,6.29,7.17,3,26.1,15
24/02/2015 0:00,RU10,38,3.8,66.4,0.031,59,0.004,0.54,0.031,0.77,5.81,7.08,10,25.5,15
24/02/2015 0:00,RU11,29,0.3,65.6,0.034,52,0.004,0.64,0.048,0.82,5.56,7.05,3,25.7,16
24/02/2015 0:00,RU12,30,,58.3,0.022,47,0.004,0.65,0.033,0.85,6.03,6.97,,25.8,15
24/02/2015 0:00,RU2,28,0.9,66.8,0.098,170,0.003,0.59,0.046,0.73,4.6,6.92,1,25.8,15
24/02/2015 0:00,RU3,28,1.8,69.3,0.024,53,0.004,0.63,,0.73,5.79,6.82,2,25.9,15
24/02/2015 0:00,RU4,29,5.3,63.6,0.004,59,0.004,0.24,,0.55,4.8,6.77,2,27,14
24/02/2015 0:00,RU5,26,2.4,70.7,0.011,56,0.004,0.64,,0.82,6.48,6.96,,26.4,15
24/02/2015 0:00,RU6,27,0.6,71,0.033,32,0.004,0.62,,0.73,5.54,7.03,2,26.6,15
24/02/2015 0:00,RU7,27,2.1,70,0.018,51,0.004,0.62,,0.72,6.2,6.52,2,26.2,15
24/02/2015 0:00,RU8,28,0.3,72.1,0.023,46,0.004,0.63,,0.76,5.78,7.18,1,26.3,15
24/02/2015 0:00,RU9,44,15,78.4,0.011,47,0.004,0.43,0.048,0.81,5.94,7.36,9,25,15
25/02/2015 0:00,RU13,29,0.6,67.6,0.011,46,0.003,0.63,0.033,0.75,5.79,7.03,3,25.1,15
25/02/2015 0:00,RU14,28,1.8,71.2,0.027,52,0.004,0.63,0.029,0.77,6.56,6.63,2,25.8,16
25/02/2015 0:00,RU15,31,1.8,59,0.021,51,0.012,0.64,0.022,0.78,6.49,6.91,3,25.9,15
25/02/2015 0:00,RU16,33,9.5,70.7,0.022,54,0.004,0.57,0.04,0.79,6.18,7.37,6,25.6,14
20/04/2015 0:00,RU0,,,59.4,,69,,,,,8.39,7.09,3,19.7,
20/04/2015 0:00,RU1,,,58,0.018,68,0.005,0.52,,0.8,9.13,6.69,3,18.5,
20/04/2015 0:00,RU2,,,58,0.011,70,0.004,0.51,,0.93,8.51,7.41,3,18.2,
20/04/2015 0:00,RU3,27,2.2,57.7,0.011,68,0.004,0.51,0.015,1.04,9.99,6.58,2,19.3,12
20/04/2015 0:00,RU4,27,20.3,55.8,0.011,66,0.004,0.32,,0.87,8,7.67,10,18.6,16
20/04/2015 0:00,RU5,27,6.4,57.6,0.011,81,0.004,0.51,,0.84,8.76,7.52,2,19,12
20/04/2015 0:00,RU6,26,5.2,59,0.018,68,0.004,0.5,0.004,1.31,8.58,7.55,3,19.7,12
20/04/2015 0:00,RU7,27,3.7,58.4,0.021,69,0.004,0.49,,0.83,8.84,6.97,4,18.8,12
20/04/2015 0:00,RU8,28,5,60,0.018,61,0.005,0.51,0.014,0.81,8.58,7.55,3,19.1,12
21/04/2015 0:00,RU10,28,5.3,63.2,0.018,73,0.004,0.5,,0.91,8.7,7.1,2,18.8,12
21/04/2015 0:00,RU11,27,2.6,61.35,0.011,76,0.004,0.49,0.004,0.78,8.94,7.37,6,18.6,13
21/04/2015 0:00,RU12,27,6.5,59.1,0.011,70,0.004,0.51,,0.87,6.21,8.81,4,18.8,12
21/04/2015 0:00,RU13,28,23.8,64.2,0.026,84,0.004,0.47,,0.91,7.98,7.13,5,19.5,12
21/04/2015 0:00,RU14,29,5.5,66.6,0.018,69,0.004,0.5,,0.9,9.18,7.63,2,19.1,12
21/04/2015 0:00,RU15,27,4.6,57,0.019,68,0.004,0.5,,0.87,8.72,7.34,3,18.9,12
21/04/2015 0:00,RU16,30,19.2,63.5,0.018,74,0.004,0.4,,0.73,8.71,7.22,2,18.7,12
21/04/2015 0:00,RU9,28,3.6,68,0.038,73,0.004,0.51,,0.79,8.61,7.11,3,18.3,12
23/06/2015 0:00,RU0,,,59.4,,71,,,,,9.6,6.84,3,15.2,
23/06/2015 0:00,RU1,29,0.1,62,0.036,65,0.003,0.86,0.004,1.3,10.63,6.48,3,14.4,20
23/06/2015 0:00,RU2,28,0.5,60.3,0.033,64,0.003,0.89,0.004,1.13,11.59,6.85,1,13.8,23
23/06/2015 0:00,RU3,28,,60.9,0.03,63,0.003,0.96,,1.16,10.22,7.5,2,14.5,21
23/06/2015 0:00,RU4,25,,53.6,0.028,72,0.003,0.98,0.004,1.11,10.68,7.4,6,12.5,22
23/06/2015 0:00,RU5,27,0.4,59.9,0.03,69,0.003,1.2,0.004,1.17,9.79,7.38,3,14.4,23
23/06/2015 0:00,RU6,27,0.4,60.5,0.03,67,0.003,1,0.004,1.15,9.93,6.99,2,14.6,22
23/06/2015 0:00,RU7,27,0.6,60.5,0.028,65,0.003,1.1,0.004,1.16,9.95,7.68,3,14.6,23
23/06/2015 0:00,RU8,27,0.4,59.9,0.028,66,0.003,0.95,0.004,1.15,10.11,7.3,2,14.7,22
24/06/2015 0:00,RU10,32,0.6,59.5,0.03,67,0.003,1,0.004,1.15,10.81,7.36,2,12.8,23
24/06/2015 0:00,RU11,33,0.1,61.5,0.033,66,0.003,0.96,0.004,1.11,10.64,6.87,3,13.8,23
24/06/2015 0:00,RU12,34,0.1,62.9,0.029,66,0.003,0.95,0.004,1.15,10.68,6.88,4,14.1,22
24/06/2015 0:00,RU13,33,0.4,61.8,0.03,65,0.003,0.98,0.004,1.12,10.26,7.57,3,13.9,25
24/06/2015 0:00,RU14,32,,60.7,0.033,68,,1,0.014,1.14,10.46,7.34,1,13.5,22
24/06/2015 0:00,RU15,32,,59.9,0.026,66,0.003,0.97,0.004,1.24,10.37,7.36,7,14.2,24
24/06/2015 0:00,RU16,32,0.6,61.6,0.029,65,0.003,1,0.004,1.15,10.6,7.43,1,13.1,22
24/06/2015 0:00,RU9,33,0.4,59.6,0.03,68,0.003,1,0.004,1.1,11.22,6.65,3,12.2,23
18/08/2015 0:00,RU0,,,54.3,,140,,,,,8.23,6.8,26,17.2,
18/08/2015 0:00,RU1,26,0.3,42.3,0.037,170,0.005,0.56,0.004,1.41,8.73,6.84,27,17,25
18/08/2015 0:00,RU2,34,0.6,63.5,0.066,270,0.003,0.5,0.03,1,6.82,7.02,4,16.1,17
18/08/2015 0:00,RU3,30,,63,0.064,210,0.005,0.52,0.016,1.86,8.13,6.48,11,16.5,21
18/08/2015 0:00,RU4,26,0.7,55.7,0.057,120,0.003,0.57,0.004,0.79,7.41,6.88,9,16.9,20
18/08/2015 0:00,RU5,26,0.1,55.4,0.05,150,0.003,0.57,0.004,1,8.57,6.99,23,17.1,25
18/08/2015 0:00,RU6,28,0.4,61.7,0.071,150,0.003,0.54,,1.99,7.91,6.95,8,16.9,20
18/08/2015 0:00,RU7,26,0.3,57.2,0.057,160,0.003,0.55,0.018,1.07,8.26,7.16,24,16.9,23
18/08/2015 0:00,RU8,28,0.3,61.8,0.061,140,0.003,0.55,0.026,1.27,7.96,7.2,7,17,20
19/08/2015 0:00,RU10,31,0.3,64.5,0.065,160,0.003,0.54,0.022,1.51,8.08,6.55,6,16.2,19
19/08/2015 0:00,RU11,30,0.5,60.5,0.057,160,0.003,0.5,0.033,0.98,7.87,6.64,11,16.5,20
19/08/2015 0:00,RU12,29,0.3,59.7,0.049,190,0.003,0.5,0.025,1.1,8.59,6.72,28,16.8,23
19/08/2015 0:00,RU13,30,0.1,62.8,0.06,180,0.003,0.5,0.26,1.61,7.86,7.02,7,16.8,20
19/08/2015 0:00,RU14,31,0.3,64.2,0.069,190,0.003,0.58,0.034,1.06,8.51,6.79,9,16.3,21
19/08/2015 0:00,RU15,26,0.4,58.5,0.047,170,0.003,0.57,0.034,1.07,8.32,6.96,22,16.1,24
19/08/2015 0:00,RU16,32,0.1,65.7,0.07,190,0.003,0.57,0.028,1.16,8.22,7.02,10,16.3,22
19/08/2015 0:00,RU9,34,0.3,69.8,0.072,160,0.003,0.58,0.026,1.16,8.13,6.41,5,16.2,18
20/10/2015 0:00,RU0,,,55,,68,,,,,8.37,7.18,22,20.4,
20/10/2015 0:00,RU1,19,0.1,49.6,0.011,68,0.003,0.62,,1.16,8.48,7.22,25,20.8,36
20/10/2015 0:00,RU2,25,1,52.2,0.011,63,0.003,0.39,0.004,0.94,8.28,7.03,9,20.8,20
20/10/2015 0:00,RU3,19,0.3,53.8,0.011,76,0.003,0.61,0.013,1.17,8.39,7.19,18,21,36
20/10/2015 0:00,RU4,19,0.7,58.5,0.011,51,0.002,0.41,0.004,1.09,9.28,7.68,5,23.9,23
20/10/2015 0:00,RU5,19,0.3,55.4,0.011,68,0.003,0.61,,1.21,8.8,7.22,28,23,34
20/10/2015 0:00,RU6,20,0.1,56.3,0.011,59,0.003,0.53,,1.06,8.95,7.28,9,22.7,27
20/10/2015 0:00,RU7,19,0.4,54.5,0.011,75,0.002,0.59,,1.5,8.84,7.35,23,22,33
20/10/2015 0:00,RU8,20,0.6,56.2,0.011,67,0.003,0.54,,1.64,8.79,7.39,16,23,30
21/10/2015 0:00,RU10,20,0.4,62.7,0.011,65,0.003,0.55,,1.13,8.59,7.43,11,19.4,27
21/10/2015 0:00,RU11,22,0.3,51.2,0.011,63,0.003,0.54,0.018,1.25,8.51,7.28,16,19.9,30
21/10/2015 0:00,RU12,20,0.4,51.1,0.011,69,0.003,0.58,,1.08,8.59,7.25,20,20.4,35
21/10/2015 0:00,RU13,22,0.6,59.3,0.011,64,0.003,0.54,,1.39,8.65,7.25,9,22.1,28
21/10/2015 0:00,RU14,22,0.1,56.3,0.011,65,0.003,0.56,0.014,1.32,8.88,7.2,9,21,27
21/10/2015 0:00,RU15,19,0.7,51.9,0.011,78,0.003,0.61,,1.88,8.73,7.35,22,20.8,36
21/10/2015 0:00,RU16,22,0.4,56.2,0.011,60,0.003,0.57,0.014,1.59,7.89,8,4,21.1,26
21/10/2015 0:00,RU9,23,0.4,80.6,0.011,60,0.003,0.56,,1.11,8.49,7.53,7,19.2,24
26/01/2016 0:00,RU0,,,58.7,,240,,,,,6.95,6.58,3,29.8,
26/01/2016 0:00,RU1,27,1.5,59,0.018,230,0.011,0.52,0.004,0.97,7.37,6.58,3,29.2,10
26/01/2016 0:00,RU2,24,1.2,60.4,0.022,190,0.013,0.5,0.021,1.5,6.91,6.84,1,28.9,10
26/01/2016 0:00,RU3,24,1.6,58.7,0.011,120,0.011,0.51,0.004,0.98,7.17,7.03,3,29.4,10
26/01/2016 0:00,RU4,23,5.5,58,0.018,230,0.01,0.48,0.004,0.9,7.69,7.33,5,28.2,11
26/01/2016 0:00,RU5,23,4,59,0.011,250,0.012,0.51,0.004,0.99,6.97,7.32,2,29.5,10
26/01/2016 0:00,RU6,24,3.1,60.8,0.018,230,0.013,0.5,0.004,0.96,7.21,7.31,2,29.7,10
26/01/2016 0:00,RU7,23,4.3,58.6,0.011,240,0.011,0.52,0.004,0.93,7.34,7.15,4,29.8,10
26/01/2016 0:00,RU8,24,5,61.6,0.019,230,0.013,0.48,0.004,0.97,7.55,7.2,3,29.6,10
27/01/2016 0:00,RU10,27,3,67.1,0.018,230,0.016,0.49,0.004,0.99,7.25,7.35,9,,13
27/01/2016 0:00,RU11,24,0.9,62.6,0.011,240,0.014,0.54,0.004,0.94,7.16,7.2,2,28.1,10
27/01/2016 0:00,RU12,23,3.7,57.8,0.011,240,0.011,0.51,0.004,0.98,7.21,7.26,4,28.5,10
27/01/2016 0:00,RU13,24,1.8,63.7,0.011,230,0.015,0.51,0.004,0.98,7.12,7.31,3,28.6,9.4
27/01/2016 0:00,RU14,23,2.2,62.3,0.025,230,0.015,0.54,0.004,0.99,7.78,7.38,3,28.1,10
27/01/2016 0:00,RU15,24,5,62.5,0.019,120,0.012,0.5,0.004,0.94,7.12,7.3,4,28.7,10
27/01/2016 0:00,RU16,24,1.9,60.9,0.019,230,0.014,0.5,0.004,1.1,7.31,7.43,1,27.8,10
27/01/2016 0:00,RU9,24,6.1,60.3,0.011,230,0.013,0.57,0.004,1.24,7.69,7.22,6,26.9,11
08/03/2016 0:00,RU0,,,75.7,,140,,,,,8.75,7.7,2,28.9,
08/03/2016 0:00,RU1,31,0.9,58,0.024,140,0.003,0.73,,1.24,9.31,7.94,2,26.5,12
08/03/2016 0:00,RU2,32,0.7,56.7,0.029,120,0.003,0.7,,1.1,8.78,7.21,1,26.3,11
08/03/2016 0:00,RU3,32,2.1,55.6,0.033,130,0.003,0.7,0.004,1.03,9.45,7.75,2,26.8,12
08/03/2016 0:00,RU4,30,7.5,51.6,0.011,110,0.003,0.41,0.004,0.86,9.86,7.86,7,27.4,13
08/03/2016 0:00,RU5,32,1.8,55.5,0.022,120,0.003,0.69,0.004,1.26,8.95,7.98,2,26.6,12
08/03/2016 0:00,RU6,31,4,55.1,0.027,130,0.003,0.69,0.035,1,9.2,8.21,1,27.2,12
08/03/2016 0:00,RU7,31,2.8,55.2,0.024,130,0.003,0.69,,1.08,8.65,6.98,1,25.9,12
08/03/2016 0:00,RU8,31,2.1,73.1,0.023,130,0.002,0.69,,1.06,7.44,6.94,1,,12
09/03/2016 0:00,RU10,33,5.2,69,0.021,150,0.003,0.64,0.004,1,7.43,7.39,4,,13
09/03/2016 0:00,RU11,31,1.2,67.6,0.027,130,0.003,0.69,0.057,1.08,7.42,7.44,2,,12
09/03/2016 0:00,RU12,31,1,69.4,0.021,130,0.003,0.71,0.004,1.13,7.44,7.66,2,,13
09/03/2016 0:00,RU13,31,2.7,71.3,0.026,130,0.003,0.7,0.023,1.05,7.48,7.49,2,26.7,12
09/03/2016 0:00,RU14,31,1.6,69.9,0.029,130,0.003,0.69,0.022,1.02,7.36,7.56,1,25.8,13
09/03/2016 0:00,RU15,31,1.9,68.7,0.036,120,0.003,0.7,0.047,1.04,7.48,7.58,2,26.2,13
09/03/2016 0:00,RU16,32,1.6,73.4,0.026,130,0.003,0.66,,1.1,8.05,,2,7.56,12
09/03/2016 0:00,RU9,35,8.3,70,0.018,130,0.003,0.62,,1.03,7.92,7.34,6,,12
03/05/2016 0:00,RU0,,,67.2,,77,,,,,9.45,7.32,10,14.6,
03/05/2016 0:00,RU1,28,0.1,51.9,0.011,74,0.003,0.32,,0.7,9.21,7.64,12,13.8,14
03/05/2016 0:00,RU2,29,,52.3,0.033,75,0.003,0.23,0.017,0.63,9.26,7.41,2,13.6,10
03/05/2016 0:00,RU3,25,0.1,53.1,0.028,71,0.003,0.32,0.013,0.65,9.25,7.45,9,14.1,13
03/05/2016 0:00,RU4,23,1.3,49.8,0.021,65,0.003,0.25,0.004,0.66,9.85,7.63,4,12.5,13
03/05/2016 0:00,RU5,24,3,56,0.025,73,0.003,0.31,,0.71,9.39,7.43,9,14.3,15
03/05/2016 0:00,RU6,24,,53.4,0.027,73,0.003,0.28,0.004,0.7,9.81,7.66,5,13.5,13
03/05/2016 0:00,RU7,26,0.4,55.6,0.033,75,0.003,0.29,,0.67,9.63,7.56,9,14.1,12
03/05/2016 0:00,RU8,27,0.1,63.7,0.028,77,0.003,0.28,0.015,0.67,9.41,7.41,6,14.3,12
04/05/2016 0:00,RU10,26,0.1,118.3,0.028,69,0.002,0.3,0.014,0.72,9.36,7.5,4,13.8,11
04/05/2016 0:00,RU11,26,0.1,56.7,0.032,74,0.002,0.31,0.017,0.67,9.77,7.72,5,14,12
04/05/2016 0:00,RU12,25,0.4,56.1,0.028,69,0.003,0.33,0.004,0.75,9.8,7.33,10,14.1,13
04/05/2016 0:00,RU13,27,1.2,59.3,0.022,76,0.003,0.31,0.032,0.81,9.63,7.4,4,15.1,12
04/05/2016 0:00,RU14,26,0.1,60.8,0.027,82,0.002,0.3,0.02,0.77,9.96,7.6,5,13.8,12
04/05/2016 0:00,RU15,23,,59,0.024,71,0.002,0.33,,0.73,9.74,7.21,10,14.4,14
04/05/2016 0:00,RU16,29,0.1,63.8,0.033,76,0.003,0.29,0.017,0.92,11.57,8.5,4,14.3,12
04/05/2016 0:00,RU9,30,1.2,63.5,0.033,82,0.002,0.26,0.017,0.68,9.61,7.22,3,13.4,11
05/07/2016 0:00,RU0,,,63.7,,82,,,,,11.75,7.15,18,13,
05/07/2016 0:00,RU1,29,0.9,48.9,0.041,79,0.003,0.47,0.022,0.88,10.03,6.4,16,12.9,15
05/07/2016 0:00,RU2,40,,49.3,0.098,130,0.003,0.62,0.057,1.13,10.64,6.68,5,12.7,13
05/07/2016 0:00,RU3,30,0.6,49.1,0.044,74,0.003,0.59,,0.88,11.46,6.26,9,12.9,13
05/07/2016 0:00,RU4,29,1.6,49.9,0.057,67,0.003,0.63,,0.98,12.22,7.72,5,13,12
05/07/2016 0:00,RU5,29,0.3,49.4,0.051,73,0.003,0.48,0.018,0.92,9.08,6.65,11,12.9,13
05/07/2016 0:00,RU6,34,0.1,54.2,0.047,84,0.003,0.53,0.015,0.96,10.95,7.07,6,14.5,13
05/07/2016 0:00,RU7,29,0.1,49.2,0.034,70,0.003,0.49,,0.9,11.1,6.35,10,13,13
05/07/2016 0:00,RU8,35,0.4,50.5,0.053,76,0.003,0.53,0.022,1.04,11.94,5.88,5,13.3,11
06/07/2016 0:00,RU10,51,1.3,73.5,0.043,110,0.006,0.64,0.052,1.14,11.97,7.89,4,12.9,11
06/07/2016 0:00,RU11,48,0.9,51.3,0.045,79,0.003,0.45,0.036,0.92,11.14,7.34,7,13.3,16
06/07/2016 0:00,RU12,31,0.3,54.5,0.052,78,0.005,0.44,0.028,1.29,10.71,7.42,9,13.2,15
06/07/2016 0:00,RU13,33,,81.9,0.045,81,0.003,0.48,0.045,1.26,11.47,7.81,6,14.2,12
06/07/2016 0:00,RU14,37,0.3,56.2,0.039,81,0.003,0.55,0.049,1.23,11.45,7.67,8,14.5,12
06/07/2016 0:00,RU15,28,0.3,50.1,0.057,71,0.003,0.52,0.022,1.02,11.44,7.32,15,13.6,15
06/07/2016 0:00,RU16,40,3.1,59.7,0.035,77,0.003,0.59,0.029,1.01,12.15,8.81,15,15.2,15
06/07/2016 0:00,RU9,38,0.1,54.2,0.034,81,0.003,0.54,0.015,1,11.92,7.67,4,12.8,11
07/09/2016 0:00,RU1,30,0.9,61.6,0.024,,0.003,0.84,,1.12,10.5,7.49,5,13.7,12
07/09/2016 0:00,RU2,31,0.3,62.7,0.019,,0.003,0.82,0.013,1.12,10.54,7.68,7,12.9,12
07/09/2016 0:00,RU3,30,0.4,62.4,0.011,,0.003,0.83,,1.03,10.44,7.83,6,13.6,11
07/09/2016 0:00,RU4,29,0.7,60.9,0.02,,0.003,0.82,,1.15,10.54,7.82,4,13.3,11
07/09/2016 0:00,RU5,29,0.7,61.1,0.011,,0.003,0.83,,1.16,10.44,7.72,11,13.5,14
07/09/2016 0:00,RU6,27,1.3,56.5,0.011,,0.003,0.81,0.021,1.23,10.56,7.73,31,12.6,22
07/09/2016 0:00,RU7,29,0.7,61.8,0.011,,0.003,0.82,,1.11,10.52,7.87,7,13.4,13
07/09/2016 0:00,RU8,30,1,63.1,0.018,,0.003,0.82,0.033,1.12,10.51,7.87,9,13.2,13
09/09/2016 0:00,RU10,35,1.2,71.7,0.058,,0.003,0.85,0.018,1.12,10.28,7.74,4,13,11
09/09/2016 0:00,RU11,33,0.6,67.6,0.011,,0.003,0.83,0.026,1.1,10.34,7.7,4,13.5,11
09/09/2016 0:00,RU12,33,0.4,69.3,0.011,,0.003,0.83,0.055,1.15,10.33,7.82,6,13.7,12
09/09/2016 0:00,RU13,35,0.4,68.2,0.024,,0.003,0.83,0.046,1.14,10.21,7.92,3,13.9,11
09/09/2016 0:00,RU14,36,0.4,69.7,0.018,,0.003,0.82,0.018,1.08,10.49,7.86,4,13.2,11
09/09/2016 0:00,RU15,30,0.4,63.7,0.011,,0.003,0.84,,1.14,10.24,7.85,9,13.8,12
09/09/2016 0:00,RU16,37,0.4,77,0.018,,0.003,0.82,0.016,1.1,10.68,8.02,10,13.5,14
09/09/2016 0:00,RU9,38,0.6,75.6,0.019,,0.005,0.82,0.022,1.13,10.36,7.67,4,12.8,12
08/11/2016 0:00,RU0,,,,,75,,,,,,,12,,
08/11/2016 0:00,RU1,26,0.7,62.8,0.019,87,0.003,0.5,,0.94,8.04,7.55,8,22,18
08/11/2016 0:00,RU10,31,5.2,73.7,0.036,76,0.003,0.48,0.004,0.91,7.83,7.43,6,24.6,18
08/11/2016 0:00,RU11,30,0.4,69.2,0.04,77,0.005,0.46,0.023,0.86,7.42,7.49,6,22.7,17
08/11/2016 0:00,RU2,31,1.3,70.8,0.027,66,0.003,0.38,0.016,0.85,6.52,7.31,5,22.9,15
08/11/2016 0:00,RU3,30,0.3,69.1,0.03,76,0.005,0.46,,0.94,7.33,7.35,6,22.4,15
08/11/2016 0:00,RU4,23,1.9,61,0.018,77,0.003,0.45,0.004,0.85,6.88,7.58,15,23.2,22
08/11/2016 0:00,RU5,28,0.3,63.2,0.044,75,0.003,0.5,,0.91,7.94,7.47,6,22.1,18
08/11/2016 0:00,RU6,31,0.6,69.5,0.03,68,0.003,0.46,0.017,0.88,7.37,7.6,6,22.6,16
08/11/2016 0:00,RU7,32,0.6,69.2,0.03,56,0.003,0.47,0.021,0.81,7.56,7.39,5,22.4,16
08/11/2016 0:00,RU8,30,0.3,70.1,0.029,71,0.003,0.48,0.013,0.88,7.46,7.69,5,23.2,17
08/11/2016 0:00,RU9,29,0.7,72.5,0.025,85,0.005,0.49,,0.83,7.51,7.29,4,24.4,17
09/11/2016 0:00,RU12,31,0.6,67.2,0.026,80,0.003,0.47,0.028,0.86,7.45,7.46,8,22.6,17
09/11/2016 0:00,RU13,30,1.2,70.3,0.023,81,0.006,0.47,0.055,0.92,7.45,7.47,7,23.1,16
09/11/2016 0:00,RU14,31,,71,0.046,85,0.003,0.47,0.025,0.93,7.45,7.38,4,23,17
09/11/2016 0:00,RU15,24,0.7,59.4,0.03,83,0.003,0.51,,0.92,6.94,7.59,11,22.8,18
09/11/2016 0:00,RU16,31,0.7,75.4,0.029,78,0.003,0.5,0.043,0.94,7.35,7.42,5,23.5,17
16/01/2017 13:40,RU0,,,61.1,,68,,,,,7.25,7.06,9,27.6,
17/01/2017 10:07,RU1,23,0.9,62,33,74,7.3,0.74,0.033,0.98,7.39,6.85,11,27.4,20
17/01/2017 10:34,RU2,17,1.8,68.9,39,88,7.4,0.61,0.022,0.94,6.89,7.3,7,26.8,17
17/01/2017 11:10,RU3,23,1,62.7,36,72,6.3,0.84,<LC,0.99,7.27,7.11,10,27.4,19
17/01/2017 11:35,RU4,23,4.1,61,42,66,8.1,0.52,<LC,0.83,6.69,6.8,14,26.6,17
17/01/2017 11:57,RU5,23,0.7,62.5,45,76,7.3,0.64,0.018,0.97,7.34,6.76,11,27.4,19
17/01/2017 12:12,RU6,25,1,65.7,48,78,9,0.66,<LC,0.99,7.25,7.2,8,27.5,17
17/01/2017 12:53,RU7,24,0.6,64.1,32,73,7.4,0.65,0.027,1,7.12,7.3,9,27.4,19
17/01/2017 13:04,RU8,25,0.7,65.7,32,63,8.2,0.66,0.021,0.95,6.99,7.22,9,27.4,18
18/01/2017 9:22,RU9,30,2.5,76.6,37,110,LD<X<LC,0.59,0.067,0.96,6.89,6.76,11,27.1,22
18/01/2017 9:33,RU10,24,1.5,67.5,48,79,LD<X<LC,0.61,<LC,0.99,7.13,6.83,7,27.4,20
18/01/2017 9:47,RU11,23,0.7,64.1,49,79,LD<X<LC,0.62,0.014,0.98,7.19,6.79,11,27.6,16
18/01/2017 9:59,RU12,22,0.7,65.2,32,73,LD<X<LC,0.6,0.018,0.97,7.31,6.92,8,27.6,24
18/01/2017 10:10,RU13,23,1.3,66.2,33,73,LD<X<LC,0.62,0.024,1,7.19,7,5,27.8,23
18/01/2017 11:10,RU15,22,1.2,64.7,46,75,LD<X<LC,0.6,<LC,0.94,7.27,7.13,11,27.9,32
18/01/2017 11:31,RU14,26,1.5,71.3,45,770,LD<X<LC,0.6,0.036,0.96,7.09,7.25,8,28.4,16
18/01/2017 11:40,RU16,25,2.1,72.3,39,80,LD<X<LC,0.65,0.022,1,7.1,7.28,10,27.9,27
06/03/2017 14:15,RU0,,,68,,48,,,,,7.54,7.25,LD<X<LC,28.6,
07/03/2017 10:25,RU1,24,<LC,65.9,40,65,0.005,0.5,0.013,0.75,7.16,6.96,LD<X<LC,26.7,22
07/03/2017 10:32,RU1F,25,,66.3,55,68,0.005,0.48,0.014,0.71,7.24,7.21,LD<X<LC,26.8,24
07/03/2017 10:53,RU2,25,1.3,67.4,63,71,0.005,0.49,0.025,0.73,6.95,7.48,LD<X<LC,26.8,24
07/03/2017 11:31,RU3,25,1.3,66.3,26,57,LD<X<LC,0.48,0.028,0.78,7.12,7.32,LD<X<LC,26.9,23
07/03/2017 11:40,RU3F,25,,68.7,31,66,0.005,0.49,0.024,0.75,6.98,6.94,LD<X<LC,27.3,23
07/03/2017 12:06,RU4,28,10.2,67,24,57,LD<X<LC,0.15,0.013,0.67,9.04,7.76,12,26.2,26
07/03/2017 12:36,RU5,24,5.8,66.7,51,66,LD<X<LC,0.48,<LC,0.73,7.28,7.42,LD<X<LC,27.8,23
07/03/2017 12:43,RU5F,24,,67.2,61,68,0.005,0.49,<LC,0.71,6.94,6.85,LD<X<LC,27.6,23
07/03/2017 12:57,RU6,24,<LC,67.2,48,66,0.005,0.49,<LC,0.7,7.17,7.37,LD<X<LC,27.7,24
07/03/2017 13:36,RU7,24,0.4,66.8,29,64,0.006,0.48,<LC,0.7,7.08,7.31,LD<X<LC,27.7,24
07/03/2017 13:53,RU7F,24,,70.2,25,67,0.006,0.5,0.03,0.79,7.08,6.77,LD<X<LC,27.8,23
07/03/2017 13:56,RU8,23,4.4,67.9,18,63,LD<X<LC,0.48,<LC,0.75,7.23,7.41,LD<X<LC,28,23
08/03/2017 9:45,RU9,30,3,76.4,19,74,0.006,0.45,0.027,0.8,7.84,7.31,10,25.8,27
08/03/2017 9:59,RU10,33,8.4,81.4,,,0.006,0.41,<LD,0.81,7.5,7.26,37,25.7,41
08/03/2017 10:15,RU11,25,0.6,65.8,28,68,0.005,0.49,<LC,0.73,7.36,7.25,6,26.5,25
08/03/2017 10:41,RU12,25,0.1,69.3,29,69,0.005,0.48,0.013,0.76,7.16,7.2,5,26.6,24
08/03/2017 10:48,RU12F,25,,70.1,22,70,0.005,0.48,0.029,0.86,7.31,7.34,6,26.2,28
08/03/2017 11:06,RU13,25,3,69.1,31,68,0.006,0.49,0.025,0.86,7.37,7.43,5,26.6,23
08/03/2017 12:50,RU15,25,3,66.2,19,67,0.005,0.48,<LD,0.85,7.28,7.22,6,26.8,23
08/03/2017 12:54,RU15F,25,,66.7,25,81,,0.51,<LC,0.75,7.35,7.03,6,26.9,26
08/03/2017 13:20,RU14,25,1.5,68.3,28,67,0.006,0.49,0.016,0.89,7.47,7.38,LD<X<LC,26.4,25
08/03/2017 13:30,RU16,28,5.2,73.7,23,66,0.005,0.46,<LD,0.77,8.13,7.31,LD<X<LC,26.3,23
24/07/2017 13:49,RU0,,,51.6,,89,,,,,9.66,7.35,LD<X<LC,15.3,
25/07/2017 10:21,RU1,26,<LD,52.7,18,83,LD<X<LC,0.79,<LD,0.81,9.87,7.36,LD<X<LC,14.9,16
25/07/2017 11:01,RU1F,27,,53.6,20,84,LD<X<LC,0.72,LD<x<LC,0.81,9.85,7.73,LD<X<LC,14.9,13
25/07/2017 11:40,RU2,27,<LD,53,20,87,LD<X<LC,0.72,<LD,0.83,9.84,7.29,LD<X<LC,14.7,13
25/07/2017 12:05,RU3,28,<LD,54.6,21,85,LD<X<LC,0.72,<LD,0.85,9.91,7.33,LD<X<LC,14.8,13
25/07/2017 12:40,RU3F,29,,56.7,19,84,LD<X<LC,0.71,0.015,0.75,9.96,7.43,LD<X<LC,14.1,11
25/07/2017 13:05,RU4,28,<LC,54.5,LD<x<LC,92,LD<X<LC,0.69,<LD,0.89,10.09,7.35,10,14.7,12
25/07/2017 13:34,RU5,27,<LD,54.4,19,85,LD<X<LC,0.72,0.028,0.86,9.93,7.38,LD<X<LC,14.7,17
25/07/2017 13:49,RU5F,28,,54.6,21,87,0.005,0.72,LD<x<LC,0.76,9.93,7.46,LD<X<LC,14.8,13
25/07/2017 14:20,RU6,28,<LD,55,19,82,LD<X<LC,0.71,LD<x<LC,0.87,9.93,7.19,LD<X<LC,14.8,14
25/07/2017 14:57,RU7,28,<LD,58,20,86,LD<X<LC,0.71,LD<x<LC,0.91,9.87,7.52,LD<X<LC,14.6,11
25/07/2017 15:15,RU7F,28,,60.8,23,84,LD<X<LC,0.71,<LD,0.77,9.84,7.33,LD<X<LC,14.9,11
25/07/2017 15:31,RU8,28,<LD,56,20,84,0.005,0.71,LD<x<LC,0.89,9.91,7.27,LD<X<LC,14.6,12
26/07/2017 10:11,RU9,32,<LD,65.9,18,93,LD<X<LC,0.73,0.031,0.95,9.89,7.14,LD<X<LC,14.9,13
26/07/2017 10:26,RU10,31,<LD,60.2,29,93,0.006,0.75,0.024,0.93,9.87,7.34,LD<X<LC,14.9,11
26/07/2017 10:39,RU11,29,<LD,55.9,22,83,0.005,0.72,<LD,0.98,9.85,7.33,LD<X<LC,15,12
26/07/2017 10:51,RU12,29,<LD,57.3,22,87,LD<X<LC,0.73,LD<x<LC,0.95,9.85,7.6,LD<X<LC,15.1,11
26/07/2017 11:18,RU12F,28,,58.3,LD<x<LC,90,LD<X<LC,0.72,<LD,0.88,9.74,7.62,LD<X<LC,15.9,12
26/07/2017 11:58,RU13,33,<LD,58.6,22,83,0.008,0.75,0.15,0.88,9.7,7.45,LD<X<LC,15.2,11
26/07/2017 12:51,RU15,28,<LD,53.7,22,86,0.005,0.72,LD<x<LC,0.87,9.86,7.39,LD<X<LC,15.1,12
26/07/2017 12:57,RU14,33,<LD,63.1,25,86,0.005,0.72,0.024,0.88,9.82,7.46,LD<X<LC,15.4,11
26/07/2017 13:05,RU16,36,<LD,72.2,25,85,0.006,0.73,LD<x<LC,0.89,10.13,6.95,LD<X<LC,16.3,13
06/11/2017 15:15,RU0,,,57.9,,86,,,,,7.32,6.96,6,22.4,
07/11/2017 9:15,RU1,23,LD<x<LC,63,29,67,<LD,0.89,0.11,1.2,8.21,7.09,6,22.3,15
07/11/2017 9:30,RU2,29,LD<x<LC,71.9,33,77,<LD,0.72,0.098,0.97,7.02,6.94,LD<X<LC,22.4,21
07/11/2017 9:50,RU3,27,LD<x<LC,72,31,73,<LD,0.87,0.076,1.05,7.28,7.06,LD<X<LC,22.3,16
07/11/2017 10:10,RU4,21,4,57.4,LD<x<LC,61,<LD,0.75,<LC,1.02,7.32,7.12,5,22.2,19
07/11/2017 10:22,RU5,22,LD<x<LC,62.5,30,76,<LD,0.92,0.036,1.18,7.98,7.06,6,22.2,22
07/11/2017 10:35,RU6,27,LD<x<LC,70,30,81,<LD,0.84,0.047,1.07,7.85,7.06,LD<X<LC,22.4,22
07/11/2017 11:00,RU7,25,<LD,66.8,29,76,<LD,0.48,0.031,1.12,7.84,7.15,5,22.2,21
07/11/2017 11:12,RU8,26,LD<x<LC,69.5,35,73,<LD,0.89,0.051,1.13,7.73,7.08,LD<X<LC,22.5,23
08/11/2017 8:40,RU9,29,3.2,74.1,38,86,LD<X<LC,0.91,0.014,1.2,7.92,7.28,5,21.8,23
08/11/2017 8:50,RU10,28,LD<x<LC,72.7,43,74,<LD,0.86,0.051,1.15,7.65,7.18,LD<X<LC,22.1,17
08/11/2017 9:00,RU11,28,<LD,71.4,32,74,LD<X<LC,0.87,0.019,1.18,7.5,7.03,LD<X<LC,22.1,19
08/11/2017 9:20,RU12,25,<LD,69.3,27,67,LD<X<LC,0.75,0.014,1.23,7.75,7.18,LD<X<LC,22.2,21
08/11/2017 9:35,RU13,27,<LD,72,27,68,<LD,0.88,0.071,1.15,7.65,7.19,LD<X<LC,22.4,22
08/11/2017 10:35,RU15,20,LD<x<LC,58.7,27,69,5.2,1,<LC,1.27,7.77,7.11,6,22.6,26
08/11/2017 10:45,RU14,27,<LD,71.9,29,85,LD<X<LC,0.87,0.022,1.1,7.63,7.07,LD<X<LC,22.7,21
08/11/2017 10:45,RU16,26,LD<x<LC,73.1,27,71,LD<X<LC,0.94,0.033,1.23,8.02,7.12,LD<X<LC,23.6,20
08/01/2018 13:25,RU0,,,78.9,,83,,,,,9.89,8.88,6,,
09/01/2018 8:00,RU1,26,10,75.9,LD<x<LC,56,LD<X<LC,0.77,0.056,1.24,9.11,8.1,6,,19
09/01/2018 8:15,RU1F,29,,75.6,LD<x<LC,65,LD<X<LC,0.73,0.018,1.21,9.01,7.26,7,,19
09/01/2018 8:45,RU2,29,LD<x<LC,74.6,LD<x<LC,82,LD<X<LC,0.33,0.015,1.56,8.15,7.15,< LD,,17
09/01/2018 9:00,RU3,29,4.6,75.7,LD<x<LC,120,LD<X<LC,0.67,0.033,1.1,8.73,7.7,LD<X<LC,,22
09/01/2018 9:10,RU3F,29,,76.1,LD<x<LC,61,0.005,0.7,0.027,1.11,8.54,7.11,LD<X<LC,,20
09/01/2018 9:45,RU5,29,6.5,75.6,LD<x<LC,77,LD<X<LC,0.72,0.11,1.3,8.83,7.92,5,,25
09/01/2018 10:00,RU5F,29,,75.9,<LD,56,LD<X<LC,0.65,0.017,1.1,8.84,7.89,5,,22
09/01/2018 10:10,RU6,29,7.3,75.8,LD<x<LC,64,<LD,0.74,0.16,1.16,9,7.92,LD<X<LC,,21
09/01/2018 10:50,RU7,29,8.5,80.1,LD<x<LC,60,0.005,0.72,0.17,1.12,8.88,7.9,5,,19
09/01/2018 10:53,RU7F,29,,81.2,LD<x<LC,57,LD<X<LC,0.74,0.11,1.08,8.65,7.93,LD<X<LC,,21
09/01/2018 11:10,RU8,30,8.8,84.4,LD<x<LC,58,0.005,0.74,<LC,1.09,8.98,7.91,LD<X<LC,,22
10/01/2018 8:20,RU9,31,14,79.4,<LD,61,LD<X<LC,0.61,0.024,1.09,9.29,8.48,12,,18
10/01/2018 8:35,RU10,31,14,79.8,<LD,64,LD<X<LC,0.65,0.14,1.16,9,7.78,29,,18
10/01/2018 8:50,RU11,29,7.2,77.6,<LD,63,LD<X<LC,0.68,0.052,1.56,8.8,7.08,5,,23
10/01/2018 9:10,RU12,29,8,78.8,<LD,66,LD<X<LC,0.68,<LC,1.03,8.82,7.89,LD<X<LC,,24
10/01/2018 9:15,RU12F,29,,77.3,<LD,130,0.005,0.74,0.079,1.08,8.81,7.1,6,,25
10/01/2018 9:35,RU13,30,7.9,82.3,LD<x<LC,75,LD<X<LC,0.73,0.014,1.1,8.72,7.14,5,,21
10/01/2018 10:45,RU15,29,11,78.7,LD<x<LC,72,LD<X<LC,0.72,0.013,1.02,8.23,7.96,6,,29
10/01/2018 10:55,RU15F,29,,80,LD<x<LC,45,LD<X<LC,0.74,<LC,0.95,8.87,7.23,10,,21
10/01/2018 11:15,RU14,31,17,82.4,<LD,47,0.006,0.59,0.023,0.97,10.3,,7,,22
10/01/2018 11:35,RU16,31,12,82.1,<LD,58,0.005,0.65,<LC,1.02,9.92,,5,,22
05/03/2018 15:30,RU0,,,81.9,,100,,,,,7.46,7.15,LD<X<LC,27.6,
06/03/2018 8:22,RU1,23,LD<X<LC,81,47,100,LD<X<LC,0.86,0.044,1.2,7.34,7.49,LD<X<LC,26.7,35
06/03/2018 8:40,RU1F,23,,80.5,35,93,5,0.9,0.038,1.06,7.62,7.57,LD<X<LC,25.6,36
06/03/2018 8:49,RU2,23,<LD,80.9,39,83,LD<X<LC,0.93,0.054,1.04,7.86,7.59,LD<X<LC,26.5,36
06/03/2018 9:31,RU3,23,LD<X<LC,83.6,29,82,LD<X<LC,1,0.034,1.11,7.85,7.59,LD<X<LC,26.6,35
06/03/2018 9:45,RU3F,23,,84.2,33,81,4.8,0.97,0.029,1.13,7.64,7.66,5,25.9,34
06/03/2018 10:05,RU4,23,2.3,79.9,28,80,5,0.94,0.11,1.02,7.92,7.65,LD<X<LC,26,40
06/03/2018 10:22,RU5,23,LD<X<LC,83,36,87,LD<X<LC,0.92,0.043,1.07,7.77,7.6,LD<X<LC,26.6,35
06/03/2018 10:44,RU5F,23,,82.7,34,100,LD<X<LC,0.94,0.029,1.12,7.5,7.64,LD<X<LC,26.1,40
06/03/2018 10:56,RU6,23,LD<X<LC,85.1,39,85,<LD,0.96,0.042,1.2,7.53,7.61,LD<X<LC,26.4,35
06/03/2018 11:16,RU7,22,LD<X<LC,82.1,32,91,LD<X<LC,0.9,0.038,1.14,7.57,7.59,LD<X<LC,26.6,34
06/03/2018 11:44,RU7F,23,,84.1,36,120,4.5,0.92,0.061,1.12,7.52,7.6,LD<X<LC,25,35
06/03/2018 12:00,RU8,23,2.4,82.9,27,170,LD<X<LC,0.97,0.075,1.12,7.64,7.63,LD<X<LC,26.5,35
07/03/2018 8:10,RU9,22,2.2,78.1,37,120,LD<X<LC,0.94,<LC,1.27,7.85,7.78,6,23.8,37
07/03/2018 8:35,RU10,24,2.6,85.3,38,140,LD<X<LC,0.92,0.014,1.39,7.68,7.76,LD<X<LC,25.3,33
07/03/2018 8:50,RU11,27,4.6,85,38,140,LD<X<LC,0.93,0.26,1.32,7.64,7.68,LD<X<LC,25.9,33
07/03/2018 9:05,RU12,26,2.3,83.6,41,130,LD<X<LC,0.9,0.021,1.26,7.65,7.67,LD<X<LC,26,33
07/03/2018 9:35,RU12F,27,,85.2,39,110,LD<X<LC,0.97,0.02,1.16,7.6,7.71,LD<X<LC,25.4,34
07/03/2018 9:50,RU13,27,LD<x<LC,90.2,39,90,LD<X<LC,0.92,0.043,1.36,7.5,7.7,LD<X<LC,26.1,33
07/03/2018 11:45,RU14,22,LD<x<LC,80.6,41,150,LD<X<LC,0.92,0.04,1.18,7.79,7.74,LD<X<LC,26.3,36
07/03/2018 12:15,RU15F,22,,82.4,41,90,<LD,<0.89,0.043,1.12,7.72,7.71,LD<X<LC,26.2,35
07/03/2018 12:30,RU15,22,3.4,78.8,35,940,<LD,0.95,0.022,1.21,7.74,7.7,LD<X<LC,25,34
07/03/2018 12:45,RU16,21,3.3,80.2,42,90,4.7,0.91,0.052,1.18,8.36,7.88,LD<X<LC,26,36
07/05/2018 14:20,RU0,,,77.8,,120,,,,,8.23,6.37,21,21.3,34.2
08/05/2018 9:30,RU1,30,<LD,81.6,64,130,<LD,0.73,0.024,1.21,8.26,6.57,14,21.5,31.1
08/05/2018 9:35,RU1F,30,,82.4,69,120,<LD,0.71,0.013,1.34,8.46,6.47,24,21.4,39.7
08/05/2018 9:45,RU2,34,<LD,92.8,67,120,LD<X<LC,0.67,0.038,1.53,8.15,6.61,5,21,25.4
08/05/2018 10:10,RU3,32,<LD,88.1,76,120,<LD,0.75,0.017,1.32,8.14,7.01,8,21.3,36.2
08/05/2018 10:35,RU3F,33,,90.5,69,120,<LD,0.66,0.017,2.63,8.31,7.16,8,21.2,30
08/05/2018 10:45,RU4,29,LD<x<LC,78.6,49,110,<LD,0.66,0.024,1.18,8.84,7.2,13,20.7,31.9
08/05/2018 11:00,RU6,33,<LD,88.3,69,140,<LD,0.74,0.027,1.34,8.27,7.15,8,21.3,30.2
08/05/2018 11:10,RU5,31,<LD,84,69,120,<LD,0.75,<LC,1.34,8.2,7.12,12,21.4,30.4
08/05/2018 11:20,RU5F,31,,84.9,66,130,LD<X<LC,0.76,0.021,1.23,8.35,7.29,22,21.2,39.2
08/05/2018 11:50,RU7,32,LD<x<LC,87.7,72,130,<LD,0.75,0.024,1.21,8.16,7.24,11,21.4,28.2
08/05/2018 12:10,RU7F,33,,108.7,76,130,0.005,0.8,0.026,1.31,8.28,7.36,11,21.3,29.2
08/05/2018 12:25,RU8,33,LD<x<LC,88.7,73,130,<LD,0.75,0.032,1.19,8.41,7.24,9,21.2,28.2
09/05/2018 8:55,RU9,49,LD<x<LC,124,110,180,0.007,0.77,0.041,1.9,9.28,7.55,10,20.2,28.8
09/05/2018 9:10,RU10,38,2.9,99.5,100,160,0.005,0.77,0.039,1.71,8.45,7.45,8,20.8,27.2
09/05/2018 9:20,RU11,30,LD<x<LC,84.4,69,130,0.005,0.76,0.036,1.51,8.68,7.16,9,21.1,28
09/05/2018 9:30,RU12,28,LD<x<LC,79,54,110,0.005,0.75,0.027,1.37,8.69,7.16,14,21.3,30.2
09/05/2018 9:40,RU12F,28,,76.8,56,120,LD<X<LC,0.7,0.018,1.88,8.48,7.13,50,21.3,41.7
09/05/2018 10:08,RU13,31,2.4,86.6,62,130,LD<X<LC,0.79,0.025,1,8.22,7.19,7,21.4,26.5
09/05/2018 11:08,RU15,27,2.3,76.3,68,130,LD<X<LC,0.76,0.029,3.22,8.15,6.88,26,21.5,40.5
09/05/2018 11:15,RU15F,27,,76.2,63,130,LD<X<LC,0.76,0.033,1.68,8.04,7.09,22,21.5,61.7
09/05/2018 11:37,RU14,33,LD<x<LC,91.1,73,130,LD<X<LC,0.78,0.055,1.07,8.63,7.12,6,21,26.1
09/05/2018 11:45,RU16,36,LD<x<LC,99.6,74,130,<LD,0.78,0.041,3.09,8.66,7.39,6,20.8,26
04/09/2018 9:45,RU1,43,<LD,83.8,57,110,0.013,0.57,0.057,1.15,10.18,6.7,20,14,41.8
04/09/2018 10:00,RU2,43,<LD,83,59,89,0.01,0.44,0.047,1.21,8.89,6.8,6,13.6,24.8
04/09/2018 10:15,RU3,44,<LD,85.4,59,100,0.013,0.53,0.05,1.07,9.69,6.94,14,13.9,30.7
04/09/2018 10:30,RU4,33,2.3,67,21,66,0.008,0.35,0.016,0.8,8.13,6.81,< LC,13.2,18.2
04/09/2018 10:40,RU5,41,<LD,82.5,48,96,0.012,0.59,0.052,1.1,10.18,7.05,18,14,34.3
04/09/2018 10:45,RU6,44,<LD,85.4,97,100,0.011,0.54,0.057,1.07,9.45,7.13,8,14,29.9
04/09/2018 11:00,RU7,43,<LD,84.2,18,130,0.012,0.58,0.048,1.12,9.8,7.09,17,14.2,32.7
04/09/2018 11:30,RU8,44,<LD,86.5,55,100,0.012,0.69,0.099,1.15,9.72,7.3,6,14.5,28
04/09/2018 13:30,RU0,,,75.5,,100,,,,,9.64,7.04,30,14.6,29.9
05/09/2018 8:50,RU9,62,LD<x<LC,120.6,52,99,0.011,0.72,0.064,1.12,10.3,7.37,5,14.7,25.2
05/09/2018 9:20,RU11,45,<LD,87.5,55,92,0.01,0.52,0.045,0.96,9.62,7.21,11,14.2,40.5
05/09/2018 9:35,RU12,41,<LD,78.2,50,88,0.012,0.53,0.045,1.03,9.85,7.14,24,14.2,57.8
05/09/2018 9:45,RU13,46,<LD,91.7,34,99,0.014,0.61,0.11,1.1,9.71,7.19,13,14.3,42.1
05/09/2018 9:50,RU10,55,LD<x<LC,101.7,65,98,0.014,0.66,0.059,1.09,9.92,7.32,5,14.1,29.7
05/09/2018 10:30,RU15,38,<LD,75.2,50,110,0.012,0.63,0.045,1.16,10.09,6.88,45,14.3,76.4
05/09/2018 10:47,RU14,46,<LD,91.1,72,110,0.012,0.63,0.069,1.07,9.87,7.09,13,14.3,33.6
05/09/2018 11:00,RU16,46,LD<x<LC,92.3,57,97,0.013,0.63,0.075,1.06,10.39,7.34,< LC,14.5,25.5
08/01/2019 8:05,RU1,31,6.1,84.4,43,76,LD<X<LC,0.47,0.033,1.36,6.81,5.74,8,27.2,30.8
08/01/2019 8:20,RU2,34,8.8,86.6,69,93,LD<X<LC,0.41,0.05,0.94,6.88,6.38,12,26.3,32.8
08/01/2019 8:50,RU3,31,4.4,81.5,38,70,LD<X<LC,0.46,0.095,1.04,6.58,6.81,7,27.2,29
08/01/2019 9:15,RU4,28,<LD,73.2,26,63,LD<X<LC,0.45,0.02,0.85,6.7,6.96,11,26.6,37.2
08/01/2019 9:31,RU5,30,7,77.8,38,60,LD<X<LC,0.48,0.024,0.84,6.65,6.83,9,27.2,27.9
08/01/2019 9:45,RU6,31,7.1,82.5,43,72,LD<X<LC,0.46,0.032,0.87,6.64,6.8,7,27.3,28
08/01/2019 10:00,RU7,31,4.4,80.9,40,72,LD<X<LC,0.46,<LC,0.92,6.52,6.94,9,27.2,27.3
08/01/2019 10:10,RU8,33,11,85.7,55,74,LD<X<LC,0.43,0.019,0.92,6.95,7.06,9,27.5,27.4
08/01/2019 12:17,RU0,,,86.6,,88,,,,,6.26,6.76,15,27.6,35.9
09/01/2019 7:50,RU9,36,13,93.3,52,75,0.005,0.39,0.033,0.6,7.48,7.34,9,27.4,27.4
09/01/2019 8:00,RU10,34,9.1,89.5,<LD,80,LD<X<LC,0.42,0.036,1.13,6.66,7.04,10,27.5,29.7
09/01/2019 8:08,RU11,35,6.5,90,50,83,LD<X<LC,0.42,<LC,0.94,6.42,6.9,12,27.4,30
09/01/2019 8:20,RU12,36,3,91.9,59,96,LD<X<LC,0.42,0.035,1.22,6.25,6.88,26,27.3,35.1
09/01/2019 8:30,RU13,33,9.5,87.9,47,79,LD<X<LC,0.46,0.03,0.7,6.57,6.92,9,27.6,28.3
09/01/2019 9:30,RU15,31,LD<x<LC,82.8,67,110,0.005,0.44,0.023,0.93,6.13,6.87,26,27.4,40.8
09/01/2019 9:50,RU14,34,13,88,43,79,LD<X<LC,0.47,0.054,1.05,6.88,6.94,8,27.4,26.5
09/01/2019 10:00,RU16,34,13,89.8,41,720,LD<X<LC,0.43,0.031,0.67,7.37,7.01,6,27.7,25.9
11/03/2019 14:24,RU0,,,61.1,,61,,,,,7.79,7.06,< LC,24.6,18.2
12/03/2019 10:51,RU1,25,LD<x<LC,60.8,27,49,LD<X<LC,0.64,0.09,1.02,7.84,7.43,< LC,24.2,17.1
12/03/2019 11:00,RU1F,25,,60.3,35,52,LD<X<LC,0.6,0.015,1.08,7.64,7.45,< LC,24,20.7
12/03/2019 11:22,RU2,28,LD<x<LC,78.6,37,54,LD<X<LC,0.52,0.032,0.95,7.57,7.5,< LC,23,17.3
12/03/2019 11:43,RU3,25,2.3,60.6,24,51,<LD,0.6,0.044,0.96,7.81,7.22,< LC,24.2,20.3
12/03/2019 11:56,RU3F,26,,61.4,30,58,LD<X<LC,0.59,0.056,1.04,7.58,7.27,< LC,24.1,19.3
12/03/2019 12:05,RU4,29,10,59.6,35,52,<LD,0.21,0.038,0.62,7.82,6.82,8,22.3,21.2
12/03/2019 12:27,RU5,25,<LD,60.4,27,51,LD<X<LC,0.61,0.045,1.03,7.5,7.14,< LC,24.1,23.6
12/03/2019 12:36,RU5F,24,,60.6,20,52,<LD,0.59,0.036,0.98,7.79,7.34,< LC,24.1,21.7
12/03/2019 12:49,RU6,25,3.4,63.2,22,56,LD<X<LC,0.59,0.021,0.94,7.78,7.16,< LC,24,21
12/03/2019 13:13,RU7,26,LD<x<LC,61.5,24,57,LD<X<LC,0.57,0.028,1.02,7.78,6.9,< LC,24.1,18.7
12/03/2019 13:19,RU7F,26,,61.4,38,50,LD<X<LC,0.62,0.066,1.06,7.52,7.09,< LC,23.9,29.1
12/03/2019 13:55,RU8,27,<LD,62.2,38,56,LD<X<LC,0.55,0.035,0.94,7.42,7.56,< LC,24.3,20.3
13/03/2019 9:05,RU9,39,3.2,80.7,44,120,LD<X<LC,0.52,0.043,0.97,7.62,8.21,8,22.4,31.4
13/03/2019 9:15,RU10,27,LD<x<LC,63.3,26,53,LD<X<LC,0.59,0.029,1,7.81,7.67,< LC,23.8,20.9
13/03/2019 9:30,RU11,27,LD<x<LC,64.5,29,59,LD<X<LC,0.6,0.015,0.96,7.86,7.31,< LC,24,19.8
13/03/2019 9:45,RU12,26,LD<x<LC,61.5,24,49,LD<X<LC,0.65,<LC,1,7.93,7.2,< LC,24,21.2
13/03/2019 10:00,RU12F,26,,61.2,38,57,<LD,0.6,0.036,1,8.26,7.31,< LC,23.1,21.8
13/03/2019 10:10,RU13,26,2.9,63.7,32,54,<LD,0.65,0.028,1.05,7.97,7.37,< LC,24,20.3
13/03/2019 11:10,RU15,25,LD<x<LC,60.7,44,57,<LD,0.6,0.036,1.12,8.05,7.6,< LC,24,20.7
13/03/2019 11:30,RU15F,26,,61.3,28,73,<LD,0.6,0.022,1.14,8.1,7.33,< LC,24.1,25
13/03/2019 12:00,RU14,28,LD<x<LC,69.2,21,65,<LD,0.56,0.018,1.02,8.04,7.23,5,24.2,28.3
13/03/2019 12:15,RU16,30,2.7,74.1,29,86,<LD,0.57,<LC,1.08,8.3,7.4,25,23.3,51.3
06/05/2019 14:30,RU0,,,67.4,,59,,,,,7.94,6.44,7,21.1,42.6
07/05/2019 10:20,RU2,34,<LD,77.8,36,600,0.005,0.57,0.045,0.98,8.56,7.35,<LC,19.5,30.8
07/05/2019 10:45,RU3,30,<LD,72.2,33,60,LD<X<LC,0.55,0.056,1.05,8.51,7.55,<LC,20,35.5
07/05/2019 10:55,RU1,28,<LD,67.4,24,62,LD<X<LC,0.55,0.024,1.01,8.39,7.84,7,20.5,38.5
07/05/2019 11:05,RU4,31,4.1,69.2,21,55,LD<X<LC,0.56,0.039,1.04,8.96,7.06,8,18.5,38.7
07/05/2019 11:10,RU5,29,<LD,69.2,31,59,LD<X<LC,0.55,0.042,0.95,8.49,7.37,8,20.3,40.5
07/05/2019 11:20,RU6,31,<LD,73.1,35,61,LD<X<LC,0.56,0.083,1.07,8.49,7.32,5,19.8,38.4
07/05/2019 11:50,RU7,30,<LD,71.7,41,59,<LD,0.55,0.062,0.98,8.53,7.26,7,20.3,36.9
07/05/2019 12:05,RU8,31,<LD,72.9,32,59,LD<X<LC,0.57,0.048,1.4,8.48,7.26,<LC,20.2,37.5
08/05/2019 9:15,RU9,39,LD<x<LC,87.3,29,66,LD<X<LC,0.56,0.034,1.2,8.84,7.83,6,18.5,36.6
08/05/2019 9:30,RU10,31,LD<x<LC,71.5,29,60,LD<X<LC,0.55,0.032,1.07,8.88,7.46,< LC,19.4,35.3
08/05/2019 9:45,RU11,29,<LD,70.4,32,63,LD<X<LC,0.53,0.038,1.25,8.56,7.29,8,20,42.8
08/05/2019 10:00,RU12,27,<LD,66.2,30,63,LD<X<LC,0.53,0.041,0.97,8.41,7.23,8,20.4,41.7
08/05/2019 10:20,RU13,30,<LD,72.3,29,61,LD<X<LC,0.52,0.086,1.08,8.56,6.96,5,20,37.6
08/05/2019 11:30,RU15,27,<LD,66.4,35,66,LD<X<LC,0.52,0.023,1.14,8.38,7.39,13,20.3,48.4
08/05/2019 11:45,RU14,32,<LD,76.7,37,60,<LD,0.49,0.06,1.05,8.71,7.35,<LC,19.5,34.2
08/05/2019 12:05,RU16,35,<LD,80.8,35,64,LD<X<LC,0.56,0.079,1.24,9.02,7.32,<LC,19.3,33.7
23/07/2019 9:06,RU1,29,LD<x<LC,60.6,<LD,46,<LD,0.92,0.042,1.35,10.06,5.88,<LC,14.4,15.9
23/07/2019 9:24,RU1F,30,,61.5,<LD,46,<LD,0.89,0.03,1.25,10.07,6.44,9,14,19
23/07/2019 9:38,RU2,31,LD<x<LC,62.9,<LD,47,<LD,0.89,0.028,1.28,10,6.72,<LC,13.8,16.2
23/07/2019 10:00,RU3,30,LD<x<LC,61.6,<LD,47,<LD,0.87,0.058,1.28,9.98,6.97,<LC,14.3,14
23/07/2019 10:11,RU3F,30,,62.1,<LD,52,LD<X<LC,0.89,0.02,1.27,9.99,7.14,5,14.1,14.6
23/07/2019 10:20,RU4,30,5.2,58.7,<LD,48,LD<X<LC,0.83,0.02,1.32,10.23,7.04,11,13.1,20.6
23/07/2019 10:31,RU5,29,LD<x<LC,61.8,<LD,48,LD<X<LC,0.89,0.044,1.24,10,7.12,<LC,14.4,16.6
23/07/2019 10:51,RU5F,29,,61.6,<LD,50,LD<X<LC,0.88,0.027,1.27,10.08,7.09,<LC,14.2,17
23/07/2019 10:57,RU6,30,LD<x<LC,71.7,<LD,48,<LD,0.88,0.027,1.36,10,7.17,<LC,14.3,15.1
23/07/2019 11:21,RU7,30,LD<x<LC,66.9,<LD,48,<LD,0.87,0.055,1.28,10.02,7.13,<LC,14.4,16.2
23/07/2019 11:42,RU7F,31,,84.4,<LD,57,<LD,0.88,0.039,1.39,10.13,7.17,<LC,14.1,17.4
23/07/2019 11:50,RU8,30,LD<x<LC,68.4,<LD,46,LD<X<LC,0.89,0.017,1.31,9.98,7.1,<LC,14.2,15.4
24/07/2019 8:40,RU9,34,LD<x<LC,68.4,25,49,<LD,0.88,0.04,1.27,10.41,6.91,<LC,13.1,15.2
24/07/2019 8:52,RU10,31,LD<x<LC,68,22,47,LD<X<LC,0.88,0.029,1.26,10.26,6.19,<LC,12.9,16.8
24/07/2019 9:03,RU11,29,LD<x<LC,69.3,25,48,<LD,0.82,0.025,1.31,11.03,7.08,<LC,13.5,16.7
24/07/2019 9:18,RU12,29,LD<x<LC,62.3,21,47,LD<X<LC,0.87,0.025,1.3,10.28,7.11,<LC,14.1,19.9
24/07/2019 9:26,RU12F,31,,61.4,22,54,LD<X<LC,0.88,0.023,1.3,10.34,7.01,<LC,14,21.4
24/07/2019 9:39,RU13,30,LD<x<LC,70.1,25,49,LD<X<LC,0.87,0.029,1.3,10.11,7.21,8,13.9,
24/07/2019 11:10,RU15,29,LD<x<LC,61.6,25,46,LD<X<LC,0.87,0.025,1.27,11.42,7.03,9,13.8,27
24/07/2019 11:30,RU14,31,LD<x<LC,65.7,25,55,LD<X<LC,0.87,0.036,1.3,11.17,7.41,<LC,13.1,39.8
24/07/2019 11:38,RU16,35,LD<x<LC,61.3,30,59,LD<X<LC,0.88,0.045,1.36,10.8,7.42,14,12.7,48.3
10/09/2019 9:02,RU1,28,<LD,54.2,19,54,0.006,0.66,0.07,1,9.68,7.46,9,15,30.4
10/09/2019 9:16,RU1F,28,,55.1,21,54,0.006,0.68,0.069,0.98,9.6,7.26,12,14.8,35.7
10/09/2019 9:30,RU2,40,<LD,71.6,49,73,LD<x<LC,0.56,0.069,0.99,9.27,7.16,LD<x<LC,14.8,28.7
10/09/2019 9:40,RU3,32,<LD,59,34,56,0.005,0.64,0.09,0.99,9.36,7.09,LD<x<LC,14.8,26.9
10/09/2019 10:04,RU3F,33,,64.3,24,56,0.005,0.57,0.043,1.02,9.69,7.14,LD<x<LC,14.7,29.9
10/09/2019 10:17,RU4,33,4.8,59.1,<LC,65,LD<x<LC,0.47,0.045,1,9.52,6.97,19,14.6,47.5
10/09/2019 10:32,RU5,29,<LD,55,22,59,0.006,0.61,0.059,0.98,9.57,6.88,6,14.7,38.9
10/09/2019 10:45,RU5F,29,,54.9,29,54,0.006,0.63,0.066,1.03,9.79,6.83,9,14.6,30
10/09/2019 10:57,RU6,32,<LD,60.6,31,53,0.005,0.57,0.04,1.06,9.33,6.63,LD<x<LC,14.7,29
10/09/2019 11:13,RU7,31,LD<x<LC,57.4,29,56,LD<x<LC,0.6,0.064,1.07,9.42,6.87,5,14.7,29.3
10/09/2019 11:30,RU7F,30,,60,24,57,0.006,0.61,0.072,1.1,9.42,7.06,7,14.6,31.7
10/09/2019 11:38,RU8,33,<LD,46.6,28,58,0.005,0.58,0.069,1.02,9.57,6.94,LD<x<LC,14.6,20.7
11/09/2019 8:40,RU9,38,<LD,68.3,39,64,0.007,0.6,0.076,1.09,9.86,7.15,5,14.3,26.9
11/09/2019 8:53,RU10,50,2.6,87.5,85,130,0.01,0.66,0.044,1.35,9.21,7.05,10,14.2,35.2
11/09/2019 9:05,RU11,31,<LD,58.6,34,57,0.007,0.64,0.07,1.07,9.56,7.01,5,14.9,32.6
11/09/2019 9:20,RU12,28,<LD,55.1,28,51,0.007,0.67,0.049,1.05,9.66,6.94,7,15,33.5
11/09/2019 9:35,RU12F,28,,53.6,24,53,0.007,0.68,0.061,1.13,9.73,6.95,13,14.7,42.3
11/09/2019 9:55,RU13,32,<LD,61.3,36,59,0.007,0.61,0.089,1.08,9.42,6.82,6,14.9,33.8
11/09/2019 10:16,RU14,37,<LD,68.8,39,67,0.008,0.57,0.094,1.11,9.29,6.91,LD<x<LC,14.5,32.7
11/09/2019 10:46,RU15,28,<LD,55,26,55,0.007,0.65,0.047,1.09,9.73,6.77,8,15.2,38.5
11/09/2019 11:00,RU15F,28,,55.2,23,59,0.008,0.65,0.087,1.1,9.83,6.85,12,14.9,42.5
11/09/2019 11:10,RU16,40,LD<x<LC,74.3,33,72,0.006,0.62,0.1,1.13,9.21,6.89,LD<x<LC,14.5,35.5
04/11/2019 13:09,RU0,,,65.1,,110,,,,,7.65,6.6,29,22.4,34.3
05/11/2019 8:45,RU1,26,<LD,64.5,56,68,0.0054,0.48,0.11,1.12,7.73,6.26,29,22.1,35.7
05/11/2019 9:00,RU2,33,LD<x<LC,75.7,53,79,<LC,0.41,0.081,0.98,6.71,6.39,11,21.4,26.7
05/11/2019 9:30,RU3,31,<LD,70.7,44,75,0.0046,0.39,0.1,0.92,6.95,6.28,11,21.7,25.4
05/11/2019 9:50,RU4,26,LD<x<LC,63.7,32,68,0.0046,0.42,0.068,1.02,6.94,6.28,12,21.5,27.8
05/11/2019 10:05,RU5,28,<LD,65.7,34,75,0.0059,0.43,0.084,1.12,7.68,6.26,23,22,30.9
05/11/2019 10:20,RU6,30,<LD,69.9,42,65,<LC,0.4,0.097,1,7.38,6.36,7,22.3,31.9
05/11/2019 10:43,RU7,28,<LD,67.3,38,100,0.0057,0.39,0.061,1.04,7.47,6.19,30,22.1,28.9
05/11/2019 10:57,RU8,29,<LD,69.6,41,78,<LC,0.39,0.055,1,7.27,6.3,13,22.1,28.2
06/11/2019 8:55,RU9,34,3,67.9,41,76,0.0068,0.41,0.028,0.85,7.65,5.97,19,21.7,24.7
06/11/2019 9:13,RU10,34,LD<x<LC,80.4,42,80,0.0064,0.39,0.045,1.01,7.55,6.32,6,22.2,23.9
06/11/2019 9:25,RU11,31,LD<x<LC,71.5,43,74,0.0053,0.34,0.033,0.92,7.2,6.31,16,22.2,25.3
06/11/2019 9:50,RU13,31,LD<x<LC,72.6,40,72,0.0046,0.39,0.077,0.97,7.2,6.28,11,22.4,27.6
06/11/2019 11:10,RU15,26,<LD,64,34,86,0.0054,0.43,0.068,1.13,7.25,5.62,31,22.6,44.3
06/11/2019 11:30,RU14,31,<LD,72.4,38,70,0.0046,0.37,0.055,1.01,7.5,6.07,6,22.8,22.7
06/11/2019 12:00,RU16,31,<LD,75,40,70,0.0058,0.41,0.06,0.9,7.48,6.14,6,23.5,24
13/01/2020 2:00,RU0,,,75.9,,90,,,,,7.87,7.81,<LC,27.2,13.4
14/01/2020 8:00,RU1,31,5.2,76.7,58,82,<LC,0.68,0.094,1.13,7.88,7.84,<LC,26.8,13.4
14/01/2020 8:15,RU2,32,LD<X<LC,77.3,30,83,<LC,0.57,0.045,1.08,7.71,7.77,<LC,26.4,12.5
14/01/2020 8:55,RU3,32,3.8,78.4,28,76,<LC,0.61,0.047,1.05,7.89,7.86,<LC,26.6,12
14/01/2020 9:11,RU4,32,10,75.1,<LD,66,<LC,0.33,0.044,0.86,7.78,7.89,10,25.6,23.3
14/01/2020 9:22,RU5,31,4.9,78.2,25,120,<LC,0.62,0.04,1.12,7.98,7.88,<LC,26.9,12.6
14/01/2020 9:30,RU6,32,4.9,79.5,24,100,<LC,0.6,0.036,1.1,8,7.97,<LC,26.7,13.3
14/01/2020 9:51,RU7,31,4.2,78.5,25,83,<LC,0.62,0.058,1.18,7.88,7.84,<LC,26.9,12.3
14/01/2020 10:04,RU8,32,5,83.5,<LC,83,<LC,0.62,0.11,1.16,7.61,7.85,<LC,27.1,12.6
15/01/2020 6:45,RU15,31,5.5,78.1,<LC,86,0.0053,0.64,0.075,1.02,7.87,7.84,7,27.1,23.5
15/01/2020 7:00,RU16,32,5.6,80.9,19,110,0.0049,0.62,0.1,1.17,7.9,7.79,17,26.9,37.6
15/01/2020 7:10,RU14,35,7.3,82.1,57,95,0.0047,0.59,0.052,1.02,8.63,7.57,20,27.5,35.3
15/01/2020 7:10,RU9,44,18,102.8,28,140,<LC,0.39,0.04,1.24,8.13,8.39,92,27.9,52.4
15/01/2020 7:20,RU10,41,12,109.4,29,120,0.0078,0.56,0.069,1.02,7.91,8.05,13,27.5,25.6
15/01/2020 7:35,RU11,32,5.1,80.6,29,86,<LC,0.56,0.039,1.02,7.8,7.83,<LC,27.6,16.3
15/01/2020 7:45,RU12,31,6.2,80.4,36,86,<LC,0.63,0.064,1.06,7.8,7.86,<LC,27.5,18
15/01/2020 8:10,RU13,48,5.1,129.1,100,370,0.029,0.63,1.4,1.77,7.8,7.56,35,26.8,24.1
03/03/2020 8:00,RU1,34,3.7,89.4,49,52,<LC,0.54,0.089,0.8,8.02,7.77,<LC,26,18.4
03/03/2020 8:20,RU1F,35,,90.4,51,56,5.5,0.56,0.077,0.82,8.21,7.86,,25.5,21.1
03/03/2020 8:35,RU2,37,16,91.4,56,57,0.0055,0.43,0.075,0.76,7.98,7.78,5,25.3,20.7
03/03/2020 9:05,RU3,37,LD<X<LC,93.3,47,57,<LC,0.48,0.042,0.75,7.93,7.68,5,26.1,31.2
03/03/2020 9:30,RU3F,37,,93.9,48,60,0.0053,0.48,0.062,0.79,8.25,7.84,5,26,26
03/03/2020 9:45,RU5,36,7.4,92.9,54,55,<LC,0.49,0.034,0.79,8.12,7.76,<LC,26.2,21.3
03/03/2020 9:55,RU5F,36,,93,42,56,0.0047,0.49,0.051,0.77,8.28,7.87,<LC,25.8,26.8
03/03/2020 10:10,RU6,37,7,93.5,48,59,<LC,0.48,0.048,0.79,8.2,7.83,<LC,26.4,214.6
03/03/2020 10:30,RU7,36,11,95,49,57,<LC,0.47,0.045,0.77,8.23,7.81,<LC,26.3,20.1
03/03/2020 10:50,RU7F,36,,100.1,54,58,<LC,0.5,0.06,0.82,8.15,7.87,<LC,26.6,22.9
03/03/2020 11:05,RU8,35,18,95.1,48,57,<LC,0.47,0.044,0.84,8.36,7.83,5,26.5,19.4
03/03/2020 13:55,RU0,,,87.7,,51,,,,,8.92,7.91,<LC,27.6,20.6
04/03/2020 8:25,RU9,38,15,94.8,56,69,<LC,0.5,0.024,0.77,8.4,7.59,13,25.4,30.6
04/03/2020 8:40,RU10,38,18,96.2,56,60,<LC,0.43,0.034,0.79,8.81,8.13,20,26.1,35.7
04/03/2020 9:00,RU11,37,2.9,98.1,41,54,<LC,0.49,0.031,0.77,7.85,7.81,7,26.2,25.8
04/03/2020 9:20,RU12,37,4.6,99.2,43,53,<LC,0.49,0.041,0.8,8.01,7.69,<LC,26.2,22.4
04/03/2020 9:30,RU12F,37,,102.3,32,53,<LC,0.51,0.017,0.91,8.16,7.78,<LC,25.9,22.7
04/03/2020 9:45,RU13,39,19,104.7,57,80,0.0063,0.48,0.28,1.12,7.82,7.71,10,26.1,26.8
04/03/2020 10:57,RU15,35,7.6,92.4,55,52,<LC,0.46,0.018,0.83,8.62,7.93,6,25.9,22.7
04/03/2020 11:20,RU15F,35,,95.4,41,48,<LC,0.46,0.018,0.75,8.48,8.04,6,26.4,25.5
04/03/2020 11:36,RU16,36,21,95.3,43,47,<LC,0.37,0.014,0.68,9.16,8.27,<LC,26.7,18.2
04/03/2020 11:55,RU14,35,21,93.7,26,47,<LC,0.36,0.018,0.81,9.47,8.37,<LC,26.2,17.8
25/05/2020 13:55,RU0,,,75.7,,67,,,,,9.58,7.36,9,16.6,17
26/05/2020 9:21,RU1,40,LD<X<LC,79.8,35,65,<LC,0.39,0.16,0.78,9.87,7.71,<LC,16,14.7
26/05/2020 9:36,RU2,44,LD<X<LC,83.4,43,75,<LC,0.36,0.09,0.72,9.81,7.37,<LC,15,16.7
26/05/2020 9:52,RU3,42,LD<X<LC,83,41,72,<LC,0.37,0.11,0.72,9.88,7.39,<LC,16,19.5
26/05/2020 10:10,RU4,41,LD<X<LC,79.2,36,79,<LC,0.4,0.12,0.95,9.85,7.36,17,14,41.8
26/05/2020 10:22,RU5,42,LD<X<LC,82.5,33,69,<LC,0.38,0.081,0.88,9.86,7.3,<LC,16.1,19
26/05/2020 10:31,RU6,42,12,84.9,35,72,<LC,0.38,0.1,0.91,9.82,7.39,<LC,16,17.7
26/05/2020 10:50,RU7,42,2.2,86.1,41,73,0.0055,0.38,0.09,0.99,9.72,7.41,<LC,16,16
26/05/2020 11:00,RU8,43,3.3,86.2,38,74,0.0052,0.39,0.11,0.79,9.85,7.36,<LC,15.8,16.9
27/05/2020 8:25,RU15,41,LD<X<LC,81.3,32,69,0.0047,0.37,0.088,0.82,9.58,7.18,13,14.3,29.2
27/05/2020 8:40,RU16,52,5.8,99.9,62,94,0.0082,0.41,0.063,1.21,10.42,7.45,<LC,14.7,17.2
27/05/2020 9:50,RU14,54,4.6,98.1,58,91,0.0085,0.43,0.072,0.81,10.6,7.38,<LC,14,14.2
27/05/2020 9:58,RU9,47,2.9,89.8,45,79,0.0071,0.41,0.084,0.86,9.76,7.54,5,15.1,16.3
27/05/2020 10:07,RU10,50,2.5,97,45,83,0.0072,0.47,0.093,0.8,9.33,7.48,5,14.9,17.8
27/05/2020 10:17,RU11,41,LD<X<LC,87,32,67,0.0047,0.37,0.081,0.69,9.78,7.42,6,15.4,18
27/05/2020 10:35,RU12,38,LD<X<LC,77.6,27,62,<LC,0.36,0.083,0.89,9.72,7.22,6,16,17.9
27/05/2020 10:50,RU13,41,LD<X<LC,83.6,80,73,<LC,0.38,0.1,0.77,9.78,7.42,7,16,17.3
06/07/2020 13:55,RU0,,,64.9,,70,,,,,9.38,7.46,6,14.9,38.2
07/07/2020 9:55,RU1,24,<LD,63,71,85,<LC,1.2,0.068,1.72,9.64,7.58,11,14.1,40.8
07/07/2020 10:12,RU2,28,<LD,67.5,50,89,<LC,1.1,0.13,1.46,9.68,7.61,<LC,12.7,33.9
07/07/2020 10:32,RU3,28,<LD,67.4,49,110,<LC,1.1,0.057,2.23,9.63,7.55,6,13.6,33.3
07/07/2020 10:48,RU4,25,LD<X<LC,59.1,27,70,<LC,1.1,0.05,1.31,10.11,7.64,10,11.6,44.5
07/07/2020 11:05,RU5,24,<LD,64.1,35,82,<LC,1.2,0.076,1.39,9.7,7.5,12,14.2,39
07/07/2020 11:17,RU6,27,<LD,67.2,53,98,<LC,1.1,0.052,2.12,9.76,7.56,5,13.7,37.2
07/07/2020 11:38,RU7,26,<LD,66.3,34,70,<LC,1.1,0.079,1.35,9.61,7.46,6,13.9,36.9
07/07/2020 11:45,RU8,27,LD<X<LC,66.9,47,88,<LC,1.1,0.055,1.33,9.65,7.56,6,13.7,37.2
08/07/2020 9:28,RU9,27,LD<X<LC,64.7,44,78,<LC,1.1,0.046,1.31,9.94,7.68,<LC,13,33.5
08/07/2020 9:43,RU10,28,LD<X<LC,66.7,39,83,<LC,1.1,0.056,1.52,9.81,7.45,<LC,12.7,33.9
08/07/2020 10:05,RU11,26,<LD,65.4,53,82,<LC,1.1,0.042,1.35,9.78,7.48,7,13.6,35
08/07/2020 10:14,RU12,25,<LD,63.6,37,48,<LC,1.2,0.087,1.51,9.78,7.54,8,13.8,34.9
08/07/2020 10:29,RU13,27,<LD,66.9,90,140,<LC,1.1,0.088,1.34,9.74,7.5,5,13.6,35.9
08/07/2020 11:38,RU15,24,<LD,61.7,41,71,<LC,1.2,0.062,1.36,9.71,7.41,11,14,38.4
08/07/2020 12:01,RU14,28,<LD,67.5,77,120,<LC,1.1,0.06,1.32,9.85,7.42,<LC,13.1,34.7
08/07/2020 12:09,RU16,31,<LD,72.5,44,100,<LC,1.1,0.07,1.5,9.86,7.5,<LC,13,32.8
07/09/2020 13:45,RU0,,,77.4,,94,,,,,9.48,7.66,8,15.1,
08/09/2020 9:11,RU1,41,LD<X<LC,76.6,56,97,LD<X<LC,1.1,0.1,1.34,9.65,7.48,8,14.8,
08/09/2020 9:24,RU2,54,LD<X<LC,93.2,58,97,LD<X<LC,1,0.068,1.33,9.66,7.64,LD<X<LC,14.4,
08/09/2020 9:42,RU3,41,LD<X<LC,87.3,65,110,LD<X<LC,1,0.072,1.54,9.55,7.57,5,14.2,
08/09/2020 10:05,RU4,39,3.5,63,LD<X<LC,98,<LD,0.9,0.046,1.25,9.55,7.47,47,14.3,
08/09/2020 10:25,RU5,40,LD<X<LC,83.9,63,110,LD<X<LC,1,0.073,1.39,9.52,7.53,6,14.8,
08/09/2020 10:38,RU6,53,<LD,94,66,100,LD<X<LC,1,0.07,1.35,9.58,7.65,LD<X<LC,15,
08/09/2020 11:02,RU7,49,<LD,92.2,68,110,LD<X<LC,1,0.061,1.36,9.48,7.62,5,14.9,
08/09/2020 11:13,RU8,56,<LD,99.4,70,110,0.0051,1,0.086,1.32,9.55,7.69,LD<X<LC,15.2,
09/09/2020 8:42,RU9,45,LD<X<LC,96.8,65,100,LD<X<LC,1.1,0.06,1.34,9.66,7.68,5,15.2,
09/09/2020 8:55,RU10,82,3,149.8,120,160,0.025,1.3,0.14,1.76,9.27,7.82,9,15.1,
09/09/2020 9:06,RU11,39,<LD,88.1,64,100,LD<X<LC,1,0.059,1.43,9.51,7.66,LD<X<LC,15.3,
09/09/2020 9:15,RU12,30,LD<X<LC,72.9,57,90,LD<X<LC,1,0.055,1.39,9.5,7.51,5,15.5,
09/09/2020 9:31,RU13,40,<LD,94.5,76,120,LD<X<LC,1,0.074,1.57,9.22,7.56,LD<X<LC,15.3,
09/09/2020 10:14,RU15,33,LD<X<LC,78.4,64,97,LD<X<LC,1,0.047,1.53,9.4,7.48,5,15.3,
09/09/2020 10:54,RU16,45,<LD,102.2,64,97,LD<X<LC,1,0.07,1.48,9.61,7.75,LD<X<LC,15.9,
09/09/2020 11:05,RU14,46,<LD,105,66,97,LD<X<LC,1,0.087,1.54,9.57,7.79,LD<X<LC,16.3,
09/11/2020 15:05,RU0,,,93.7,,40,,,,,9.16,7.78,< LC,23,13.8
10/11/2020 9:20,RU1,35,2.2,91.9,LD<X<LC,39,0.0046,0.66,0.039,7.6,8.7,7.58,< LC,22,14.6
10/11/2020 9:38,RU2,36,LD<X<LC,90.5,25,42,LD<X<LC,0.63,0.055,1.08,8.82,7.68,< LD,21.8,12.5
10/11/2020 10:15,RU3,33,LD<X<LC,89.9,28,66,LD<X<LC,0.66,0.049,0.98,8.58,7.5,< LC,22,16.1
10/11/2020 10:37,RU5,32,LD<X<LC,88.8,LD<X<LC,42,0.0049,0.69,0.033,1,8.71,7.58,< LC,22.8,15.7
10/11/2020 10:49,RU6,32,LD<X<LC,88.1,LD<X<LC,43,0.0051,0.65,0.038,1.05,8.81,7.68,< LC,22.8,15.4
10/11/2020 11:28,RU7,32,LD<X<LC,91,LD<X<LC,44,0.0049,0.68,0.051,0.92,8.57,7.44,< LC,22.8,15.7
10/11/2020 11:35,RU8,32,2.6,89.3,LD<X<LC,45,0.0062,0.68,0.078,1.22,8.59,7.53,< LC,23.1,14.7
11/11/2020 9:11,RU9,33,LD<X<LC,90.6,25,48,0.0049,0.66,0.051,1.04,8.96,7.89,< LC,21.8,19.7
11/11/2020 9:39,RU10,32,LD<X<LC,89.3,LD<X<LC,50,0.0048,0.66,0.04,1.09,8.58,7.83,6,21.9,23.1
11/11/2020 10:10,RU11,33,LD<X<LC,110.6,LD<X<LC,48,0.0056,0.7,0.047,1.09,8.44,7.75,< LC,22.3,20.2
11/11/2020 10:22,RU12,32,LD<X<LC,98.6,LD<X<LC,41,0.0057,0.68,0.046,1.14,8.51,7.73,< LC,22.3,18.2
11/11/2020 10:39,RU13,33,LD<X<LC,100.6,LD<X<LC,49,0.0054,0.69,0.071,1.29,8.31,7.69,< LC,22.6,18.7
11/11/2020 12:14,RU15,29,LD<X<LC,86,LD<X<LC,49,LD<X<LC,0.72,0.037,1.1,8.56,7.62,< LC,22.5,21.6
11/11/2020 12:37,RU16,30,LD<X<LC,89.8,LD<X<LC,44,LD<X<LC,0.7,0.037,1.07,8.99,7.84,< LC,23.3,14.5
11/11/2020 12:58,RU14,30,LD<X<LC,95.3,LD<X<LC,49,LD<X<LC,0.63,0.068,1.1,9.94,8.37,< LC,24.4,17.2
